Name,Lat,Long,Mean
ANNUELLO,-34.8497,142.7807,25.46
ANNUELLO (MOSTANK),-34.8000,142.7500,26.08
BANNERTON,-34.7233,142.7902,26.1
BARING (KINTA),-35.3833,142.0667,28.48
BENETOOK NORTH,-34.1000,141.8000,17.51
CARWARP,-34.4667,142.2000,24.56
TUTYE (BUNUROUK) COMPARISON,-35.2858,141.4935,29.77
CHINKAPOOK,-35.2000,142.9500,28.31
COLIGNAN,-34.5000,142.4000,21.69
COWANGIE,-35.2339,141.3828,25.74
CRAMENTON,-34.8000,142.4667,26.23
MANANGATANG (DAYTRAP),-35.1966,142.8014,25.5
MANANGATANG (EUREKA EAST),-35.1702,143.0001,25.9
GALAH,-35.0974,142.1716,26.17
HAYSDALE,-34.8833,143.2667,26.1
IRYMPLE (ARLINGTON),-34.2262,142.1512,22.92
KADOON,-35.2000,141.4000,22.34
MANANGATANG (CHINKAPOOK),-35.9448,142.0401,25.72
MANANGATANG (COCAMBA),-35.1136,142.9194,23.47
KARAWINNA 2,-34.4000,141.7000,23.91
KARAWINNA SOUTH,-34.4000,141.7000,14.63
KOOLOONONG,-34.8833,143.1333,25.07
KULWIN,-35.1000,142.6500,24.66
KURNWILL,-34.4613,141.3923,23.37
ROBINVALE (KYNDALYN PARK),-34.7122,142.9276,24.38
MANANGATANG,-35.0551,142.8832,26.15
MERBEIN CSIRO RESEARCH STATION,-34.2133,142.0400,23.92
MERBEIN SRWSC,-34.1667,142.0667,23.19
MERBEIN WEST,-34.2000,142.0000,21.06
MERINGUR,-34.3895,141.3352,22.77
MERRINEE,-34.3846,141.7580,23.16
MILDURA AIRPORT,-34.2358,142.0867,23.84
MILDURA SE,-34.2164,142.1667,24.62
MITTYACK,-35.1500,142.6667,25.66
MOONDAH THE PINES,-35.0000,143.0000,25.92
MORKALLA NORTH,-34.2942,141.1730,21.76
MULCRA,-35.1667,141.1000,26.75
MURRAY LOCK NUMBER 9,-34.1928,141.5996,22.89
MURRAYVILLE,-35.2628,141.1789,27.01
NANDALY,-35.3167,142.7000,26.79
NEDS CORNER,-34.3167,141.3333,20.73
BANNERTON (CARINA PARK),-34.7536,142.7421,24.75
NULKWYNE KIAMAL,-34.9272,142.1765,25.0
NYAH,-35.1762,142.3700,27.24
NYAH WEST POST OFFICE,-35.1833,143.3333,29.0
NYAH (YARRABY TANK),-35.1670,142.2781,27.45
OUYEN (POST OFFICE),-35.0682,142.3125,27.61
PANITYA,-35.2500,141.1000,21.49
PIANGIL,-35.5000,143.3000,23.64
PIRA WILD HORSE PLAINS,-35.2551,143.3471,27.62
PIRLTA,-34.3620,141.9038,22.4
RED CLIFFS (POST OFFICE),-34.3075,142.1882,23.56
ROBINVALE,-34.5898,142.7686,24.91
TIEGA,-35.1000,142.2000,25.68
TOWAN,-35.1000,143.2000,24.99
TULILLAH,-34.2000,141.8667,20.81
TUNART SOUTH,-34.5000,141.3000,23.16
TUTYE,-35.2000,141.5000,25.45
TYNTYNDER STATION,-35.2000,143.5000,26.76
TYNTYNDER WEST,-35.2000,143.4000,25.35
UNDERBOOL,-35.1667,141.8167,26.04
WAGANT,-35.1000,142.5000,25.42
WALPA (DANYO),-35.0924,141.2611,25.2
WALPEUP RESEARCH,-35.1201,142.0040,27.57
WALPEUP,-35.1369,142.0237,27.91
WEMEN,-34.7000,142.7000,23.75
WERRIMULL,-34.3883,141.5954,22.75
WILLAH,-34.5000,141.9000,23.4
WINNAMBOOL (KULWIN),-34.9536,142.7392,24.74
WOOD WOOD,-35.1000,143.3500,27.7
WOORINEEN,-35.3000,143.5000,23.06
WOORNACK,-35.1500,142.4833,27.89
YARRARA,-34.4000,141.4167,22.97
YUNGERA,-34.8000,143.1000,24.25
MALLANBOOL,-34.5000,141.5333,27.01
STRATTON,-35.4000,142.6000,29.34
MILDURA POST OFFICE,-34.1833,142.2000,22.39
WALPEUP AREA GAUGE,-35.1000,142.0000,29.95
NATYA,-34.9500,143.2333,45.99
BARING (PATCHWOLLOCK),-35.3000,142.0000,24.48
BENETOOK STATE SCHOOL,-34.4000,142.0000,18.24
CHILLINGOLLAH,-35.2833,143.0500,28.21
GUNAMALARY,-35.4000,141.1000,24.88
HATTAH,-34.7500,142.3000,26.55
IRYMPLE,-34.2333,142.1667,26.58
KARAWINNA POST OFFICE,-34.4000,141.7000,20.69
KARAWINNA 1,-34.4000,141.7000,24.75
KOLEYA,-34.5000,141.7000,20.95
KOLEYA (COWANS TANK),-34.5000,141.7000,25.1
NANDALY (TYRELL WEST),-35.4000,142.7000,24.4
NEDS CORNER HOMESTEAD,-34.2000,141.5000,22.23
NOWINGI,-34.6000,142.2000,23.31
NOWIE,-35.3000,142.3000,26.72
PANITYA EAST,-35.2500,141.1000,29.51
PIANGIL (BURRA BURRA),-35.0500,143.3000,26.98
TARRANGO,-34.4000,141.8000,20.22
UNDERBOOL (CHESIS PLAINS),-35.2000,141.8000,24.11
YOUNGEIRA,-34.8000,143.1000,25.59
DANYO,-35.3000,141.3000,26.48
KARWEEN SOUTH,-34.4667,141.2667,24.47
NANGILOC,-34.4833,142.3500,28.3
BRONZEWING,-35.1890,142.3725,25.69
NOWINGI WEST,-34.6333,142.0000,17.04
BOUNDARY BEND,-34.7164,143.1506,28.0
MURRAYVILLE (CARINA),-35.2484,141.0808,28.03
TUTYE (BUNUROUK),-35.2848,141.4949,27.11
LINGA,-35.1683,141.6922,27.61
MURRAYVILLE (NGALLO),-35.3678,141.0625,27.9
BERROOK,-34.9470,141.0054,25.67
HATTAH LAKES,-34.7667,142.3333,27.27
BOINKA,-35.2000,141.6000,24.89
CULLULLERAINE,-34.2833,141.5833,20.53
MITTYACK WEST,-35.2000,142.5000,25.22
MERRINEE NORTH,-34.2000,141.8000,19.79
MERRINEE (KOMBAHLA),-34.3500,141.8000,21.36
GAYFIELD,-34.8000,142.4000,23.33
BARING NORTH,-35.3333,142.0833,20.77
KOORKAB,-34.8333,143.1000,23.51
GLENCAIRN POST OFFICE,-35.0667,143.0667,25.32
TEMPY,-35.3500,142.4167,28.58
ROBINVALE CONSOLIDATED SCHOOL,-34.6000,142.7833,31.55
MANANGATANG (DINAN),-34.9000,142.8000,25.53
PATCHEWOLLOCK NORTH,-35.3000,142.1000,26.95
BERROOK,-34.8000,141.0000,19.45
OUYEN (TRINITA),-34.8667,142.3000,25.21
WERRIMUL (MERINGUR NORTH),-34.2667,141.3333,14.37
WOOD WOOD (PRETTY PINE),-35.2333,143.1833,27.81
LINDSAY POINT,-34.1051,141.0166,23.86
LAKE CULLULLERAINE,-34.2747,141.5878,21.15
ROBINVALE (KYNDALYN PARK COMPARISON),-34.7223,142.9297,24.02
BAEL BAEL,-35.7000,143.7000,26.08
QUAMBATOOK (BARRAPORT NORTH),-35.9809,143.6479,31.91
BEAUCHAMP,-35.6000,143.6000,26.84
BEULAH,-35.9000,142.4000,28.01
BEULAH,-35.9368,142.4213,30.62
BERRIWILLOCK,-35.6367,142.9950,28.49
BIRCHIP 2,-35.9000,142.8500,29.09
BIRCHIP POST OFFICE,-35.9825,142.9156,30.88
BIRCHIP (WOODLANDS),-35.9244,142.8510,29.51
BOIGBEAT,-35.5504,142.9207,27.27
HOPETOUN AIRPORT,-35.7151,142.3569,24.98
WAGON FLAT,-35.8726,141.3884,25.83
BUDGERUM EAST,-35.7833,143.6667,27.61
CULGOA,-35.7170,143.1074,29.7
GAMA,-35.5574,142.5432,27.76
BOORT (GREDGWIN),-35.9743,143.6099,31.72
GREDGWIN 3,-36.0000,143.5500,32.69
HOPETOUN,-35.7344,142.3703,28.26
KENMARE,-35.9167,142.1667,29.43
KINNABULLA,-35.9000,142.8000,28.56
LAKE BOGA (KUNAT),-35.5414,143.5284,27.12
LAKE CHARM,-35.6000,143.8000,26.31
LALBERT,-35.6694,143.3769,30.33
LAKE BOGA STATE RESERVOIR,-35.4500,143.6333,33.96
LAKE BOGA,-35.4609,143.6286,28.11
LASCELLES,-35.6071,142.5811,27.14
LEAGHUR,-35.9653,143.7809,29.82
BIRCHIP (MARLBED),-35.7980,142.8767,29.29
MEATIAN,-35.7000,143.3000,29.81
NARRAPORT,-35.9963,143.0353,29.31
NULLAWIL,-35.8500,143.1667,29.14
NYPO,-35.7000,142.0000,24.94
PATCHEWOLLOCK,-35.3832,142.1869,27.87
QUAMBATOOK SOUTH,-35.9296,143.4992,30.22
RAINBOW POST OFFICE,-35.8975,141.9950,30.39
RAINBOW (PELLA),-35.8317,141.9370,30.42
RAINBOW (PIGICK),-35.8715,141.8172,29.48
ROSEBERY,-35.8000,142.4000,24.69
SEA LAKE (POST OFFICE),-35.5046,142.8493,27.82
SEA LAKE (MARSTON DOWNS),-35.5254,142.7267,26.7
SPEED (POST OFFICE),-35.4004,142.4380,24.96
SWAN HILL POST OFFICE,-35.3406,143.5533,28.98
SWAN HILL HIGH SCHOOL,-35.3667,143.5833,21.31
TORRITA,-35.5000,141.9000,23.3
TRESCO,-35.5000,143.7000,26.53
TRESCO SRWSC,-35.5000,143.7000,27.09
TYRRELL DOWNS,-35.3629,142.9853,25.58
ULTIMA (POST OFFICE),-35.4699,143.2669,29.17
WAITCHIE,-35.3667,143.1000,26.56
WATCHUPGA,-35.7500,142.8000,27.82
RAINBOW (WERRAP (OAK-LEA)),-35.9417,141.9350,28.63
WOOMELANG,-35.6803,142.6664,28.84
YANGA (WARNE),-35.8167,143.0333,28.82
YARTO,-35.4667,142.3000,28.11
TURRIFF,-35.4667,142.4667,27.55
QUAMBATOOK,-35.8409,143.5145,31.07
HOPEVALE,-35.9000,142.3000,28.45
NETHERBY (HOPEVALE),-35.9000,142.3000,33.65
BUDGERUM,-35.8000,143.6000,27.84
FAIRLEY,-35.7000,143.9000,26.65
GOSHEN,-35.5000,143.5000,28.56
GREDGWIN (BARRAPORT NORTH),-36.0000,143.7000,29.58
JERUK,-36.0167,143.3833,30.98
LAKE CORRONG,-35.7000,142.4000,29.13
LALBERT EAST,-35.7000,143.5000,25.47
PENTAL ISLAND,-35.4000,143.7000,28.0
BERRIWILLOCK (SPRINGFIELD),-35.6000,143.1000,25.11
TITTYBONG PINE GROVE FARM,-35.8000,143.4000,28.65
TOWANINNIE,-35.9000,143.4000,27.72
ULTIMA EAST,-35.4000,143.5000,27.18
ULTIMA,-35.5000,143.3000,25.07
WAITCHIE CENTRAL,-35.4000,143.1000,24.05
WARNE,-35.8167,143.0500,29.42
WORTONGIE (WILLANGIE EAST),-35.7500,141.9000,29.04
GREDGWIN (FERRIBY),-36.0000,143.5000,34.15
LAKE MERAN,-35.9167,143.7500,33.45
TYRELL WEST (PINE VIEW),-35.4167,142.6667,27.6
NINYEUNOOK (WATTLE VALE),-36.0000,143.4000,29.86
NINYEUNOOK,-36.0086,143.3719,29.05
KALPIENUNG POST OFFICE,-35.9000,143.2500,27.2
KALPIENUNG,-35.8667,143.2333,28.44
BEULAH WEST,-35.9338,142.2806,28.73
RAINBOW,-35.8966,141.9915,30.15
SWAN HILL SR&WSC,-35.3500,143.5500,28.04
DUMOSA,-35.9333,143.2167,27.1
MACORNA NORTH,-35.8667,143.8500,33.55
HOPETOUN RWC,-35.7253,142.3656,28.21
BIRCHIP CROPPING GROUP,-35.9870,142.9150,27.67
CURYO SOUTH (MORTON PLAINS),-35.8500,142.8000,33.29
LEAGHUR DAM,-35.9833,143.8000,28.4
KANGAROO LAKE,-35.5500,143.7667,26.29
TELOPEA DOWNS (BUCKHURST),-35.9472,141.0311,32.84
SWAN HILL AERODROME,-35.3766,143.5416,25.0
HOPETOUN (WIRRBIBIAL DOWNS),-35.6704,142.2688,26.57
YAAPEET,-35.6856,142.0031,33.92
RAINBOW RADAR RAIN GAUGE,-35.9974,142.0105,32.72
RAINBOW (PIGICK COMPARISON),-35.8715,141.8172,35.86
BIRCHIP (MARLBED COMPARISON),-35.7980,142.8767,34.23
WARRACKNABEAL (AILSA),-36.3575,142.3339,31.29
TELOPEA DOWNS (BLUE HILLS),-36.1011,140.9950,31.39
CORACK EAST,-36.1000,143.1000,29.79
BANGERANG NORTH,-36.1050,142.6081,29.2
BOXDALE,-36.3500,141.5000,34.49
BRIM,-36.0667,142.4167,29.04
BUNGELUKE,-36.0667,143.3167,27.95
COPE COPE,-36.4500,143.1000,31.08
DIAPUR,-36.3000,141.4500,36.15
DIAPUR (BLEAK HOUSE),-36.3000,141.5000,35.65
DIMBOOLA,-36.4644,142.0327,33.68
DONALD POST OFFICE,-36.4000,143.0000,33.96
GALAQUIL EAST,-36.1000,142.6000,28.88
GERANG GERUNG,-36.3986,141.8797,33.25
GLENLEE,-36.2560,141.8588,32.41
NHILL AERODROME,-36.3093,141.6486,30.06
JUNG,-36.6064,142.3608,33.65
JUNG JUNG,-36.6000,142.4000,33.88
KELLALAC (WARRACKNABEAL AIRPORT),-36.3203,142.4161,27.37
KATYIL,-36.3000,142.1000,33.92
LAEN,-36.4500,142.8000,33.28
LAKE HINDMARSH SOUTH,-36.1000,141.9500,28.28
LAKE HINDMARSH WEST STATE SCHO,-36.0667,141.8500,40.88
LAWLOIT,-36.4000,141.4500,39.51
LECOR VIEW POINT,-36.4000,141.1000,41.67
LILLIMUR ESTATE,-36.3664,141.1144,38.86
LILLIMUR (KILDONAN),-36.3000,141.1000,39.59
LITCHFIELD,-36.2833,142.8500,30.52
LORQUON,-36.1526,141.7586,31.33
MINYIP (POST OFFICE),-36.4597,142.5881,33.47
TELOPEA DOWNS (MEENGO RAIN GAUGE),-36.0821,141.1003,36.19
NHILL,-36.3347,141.6367,34.24
GERANG GERUNG (COMPARISON),-36.3982,141.8793,34.56
NHILL (SALISBURY (LYNBAR)),-36.3009,141.7719,33.44
SERVICETON,-36.3667,140.9833,41.54
SHEEP HILLS,-36.3500,142.5000,30.83
WARMUR WEST,-36.1500,142.8000,28.84
WARRACKNABEAL POST OFFICE,-36.2500,142.4000,32.52
WARRACKNABEAL (EARLSTAN),-36.2705,142.2165,31.11
WATCHEM,-36.1481,142.8597,31.74
NHILL (WOORAK),-36.2891,141.7432,34.14
WOOROONOOK,-36.2483,143.1793,31.27
WYCHEPROOF,-36.0775,143.2268,31.37
YANAC NORTH,-36.1114,141.4182,33.35
LAKE HINDMARSH WEST,-36.1000,141.9000,28.42
WAIL,-36.5167,142.1667,34.88
JUNGKUM,-36.5333,141.6333,38.98
NATEYIP,-36.5500,141.2333,43.17
AREEGRA,-36.3000,142.6000,30.33
BAKER,-36.1000,141.6000,26.1
BOOLITE,-36.3000,142.7000,29.29
BRIM (BOSWELL PARK),-36.0833,142.4167,29.73
BROUGHTON,-36.1500,141.3500,35.35
BURREREO,-36.5167,142.7167,33.23
CARRON NULLAWELL FARM,-36.2500,142.7500,32.31
CORACK EAST 2,-36.1000,143.1000,30.34
DONALD (BANYENONG),-36.3833,142.9833,32.8
JUNG JUNG NORTH,-36.6000,142.4000,31.55
LOCKHART,-36.3667,141.9833,40.05
MINYIP,-36.4500,142.6000,32.35
MIRAM (LAWBIT WEST),-36.4000,141.3000,38.13
MOUNT JEFFCOTT,-36.3000,143.1500,31.72
NI NI WELL,-36.2500,141.8000,31.17
PIMPINIO,-36.6000,142.1000,33.84
KINMAKATKA,-36.4333,141.5667,41.08
TALLAGEIRA,-36.8000,141.0000,48.07
TARRANGINNIE,-36.3000,141.5000,33.57
WARRACKNABEAL 2,-36.2500,142.4000,32.13
WILLIMABRINA NORTH,-36.0500,142.2000,29.04
WINIAM,-36.4000,141.7000,36.83
WINIAM CLEAR BANK,-36.4000,141.7000,33.39
TELOPEA DOWNS,-36.1000,141.1000,30.28
DONALD,-36.3611,143.0038,32.03
KANIVA COMPARISON,-36.3721,141.2422,40.07
YANIPY,-36.4250,141.3347,38.59
SERVICETON NORTH,-36.2131,140.9956,36.52
KEWELL (HOMESTEAD),-36.4667,142.4000,37.04
WARRACKNABEAL MUSEUM,-36.2614,142.4050,32.47
KANIVA,-36.3725,141.2427,37.28
KATYIL NORTH,-36.2833,142.1333,33.68
ANTWERP,-36.2964,142.0243,31.23
BLACKHEATH,-36.4500,141.3000,32.96
WARRACKNABEAL (EARLSTAN COMPARISON),-36.2705,142.2162,36.1
YELLANGIP (BRICKLE ROAD),-36.1000,142.3000,29.3
WATCHEM (MOONA),-36.1000,142.9500,30.7
JEPARIT,-36.1442,141.9928,31.73
YANAC NORTH COMPARISON,-36.1147,141.4612,36.0
DONALD COMPARISON,-36.3611,143.0038,35.17
AMPHITHEATRE,-37.2000,143.4000,51.33
APSLEY,-37.0000,141.1000,49.52
BARKLY,-36.9532,143.1976,44.08
BEAZLEYS BRIDGE,-36.6994,143.1594,38.97
BELLELLEN,-37.1500,142.6500,48.62
BRINGALBERT (APSLEY),-36.8500,141.2000,47.35
BURRUM,-36.6000,142.7000,32.97
CHARAM,-36.9833,141.4667,48.66
CLEAR LAKE,-36.9389,141.8713,41.2
CROWLANDS (WOODLANDS),-37.1000,143.1000,44.22
DRUNG DRUNG,-36.7768,142.3937,35.93
EDENHOPE (ELIZABETH ST),-37.0328,141.2840,47.46
ELDERSLIE,-37.1000,141.0000,50.33
ELMHURST,-37.2000,143.3000,52.34
EVERSLEY,-37.1778,143.1529,49.29
GLENORCHY,-36.8721,142.6308,41.43
WARRANOOKE (GLENORCHY),-36.7281,142.7303,36.55
GOROKE (POST OFFICE),-36.7181,141.4729,41.9
GOROKE (KANGAWALL),-36.8267,141.4681,42.28
GREAT WESTERN (SEPPELT),-37.1846,142.8553,45.28
HALLS GAP,-37.2000,142.5000,76.6
HARROW (POST OFFICE),-37.1660,141.5919,47.28
HARROW (PINE HILLS),-37.0826,141.5633,47.02
HORSHAM POLKEMMET RD,-36.6613,142.0687,36.91
JALLUKAR,-37.2000,142.7000,46.48
KARNAK (ROSEDALE),-36.8639,141.4797,43.66
LAKE LONSDALE,-37.0333,142.5833,48.22
LANDSBOROUGH,-37.0062,143.1317,42.12
LONGERENONG,-36.6722,142.2991,33.88
MARNOO,-36.7000,142.9000,36.67
MINIMAY (BOOROOPKI),-36.7000,141.2000,46.93
MOONAMBEL,-36.9865,143.2727,48.93
MORRL MORRL (VALLEY VIEW),-36.8612,142.9332,37.51
MOUNT LONARCH,-37.3000,143.4000,57.17
MOYSTON,-37.3011,142.7656,46.78
MURTOA,-36.6206,142.4711,35.26
NATIMUK,-36.7416,141.9429,36.42
NAVARRE,-36.9000,143.1137,43.55
POMONAL WINDY RIDGE,-37.2000,142.6000,59.86
REDBANK,-36.9065,143.3384,47.39
ST ARNAUD,-36.6175,143.2644,41.62
SLATY CREEK,-36.5500,143.3000,37.23
STAWELL,-37.1000,142.8000,44.43
STUART MILL STATE SCHOOL,-36.8000,143.3000,48.63
TELANGATUK (SCHOLFIELD),-37.1000,142.0000,47.29
TOOLONDO,-37.0000,142.0000,36.82
WARTOOK RESERVOIR,-37.0935,142.4345,71.61
WARTOOK POST OFFICE,-37.0000,142.3500,48.59
WINJALLOK,-36.8000,143.2000,42.08
WONWONDAH (MOUNT ZERO),-36.9000,142.3000,43.45
MOYSTON (BARTON ESTATE),-37.3162,142.6975,52.27
LAKE LONSDALE,-37.0432,142.6354,49.79
ROCKLANDS RESERVOIR,-37.2300,141.9609,50.93
BANYENA (COSY NOOKA),-36.6000,142.8000,31.73
BROOKRET (FAIR VIEW FARM),-36.6000,142.7000,33.73
JUNG (DOOEN NORTH),-36.7333,142.3667,33.63
EMU RAIL (DALYENONG),-36.7000,143.4000,45.07
STAWELL (GLYNWYLLN STATION),-36.9333,142.9000,42.1
GOROKE (ROSE BANKS),-36.7000,141.4000,42.96
GOWAR EAST (RAHINA FARM),-36.6000,143.4000,38.09
GOWAR WEST,-36.5000,143.2000,33.11
GYMBOWEN,-36.7000,141.6000,34.01
KANYA,-36.8000,143.0000,39.62
NATIMUK (JILPANGER),-36.7000,142.0000,46.15
HORSHAM (LAURISTON DOLLAN),-37.0000,142.2500,40.79
MINIMAY (NEUARPUR STATION),-36.7500,141.0667,45.37
RUPANYUP (LALLAT PLAINS),-36.5500,142.5000,32.73
STAWELL (NATTA WALLA),-37.0667,142.2333,44.59
TRAINORS LAGOON,-36.6000,143.0000,37.89
WALLALOO,-36.7000,142.9000,37.18
WALMER,-36.7000,142.1500,38.52
APSLEY (POST OFFICE),-36.9681,141.0834,47.35
ARCHDALE,-36.8000,143.5000,40.9
POMONAL,-37.1917,142.6094,57.16
HALLS GAP,-37.1428,142.5172,82.08
RUPANYUP (POST OFFICE),-36.6287,142.6321,35.29
DOUGLAS,-37.0500,141.7167,40.67
DADSWELLS BRIDGE,-36.8676,142.5217,45.55
TELANGATUK EAST (MILINGIMBI),-37.0607,141.9882,40.83
TOTTINGTON,-36.7913,143.1207,43.13
STAWELL,-37.0717,142.7908,47.54
MOUNT COLE,-37.2667,143.2000,64.56
HORSHAM,-36.7007,142.2009,34.79
BENAYEO,-36.8698,141.0101,42.41
FERNANDES (AVON NO.1),-36.7331,143.1525,45.67
CHEESMAN (AVON NO 2),-36.8667,143.2167,67.71
NAVARRE (AVON NO.3),-36.8637,143.1230,44.06
ST ARNAUD (ROSTRON (AVON NO 4)),-36.7831,143.1812,39.91
MCDONALD (AVON NO 5),-36.8333,143.1833,50.34
PARADISE (AVON NO.6),-36.8303,143.1058,46.59
SCOTSDALE (AVON NO 7),-36.7833,143.1667,68.27
AVONBANK (AVON NO 8),-36.7500,143.1833,59.62
ARCHDALE (KARA KURRACA WEST),-36.8333,143.5000,40.49
MOUNT DRYDEN (MAYORTON),-37.0500,142.5667,46.09
NEUARPURR (BRIPPICK),-36.7667,141.0667,46.2
NEUARPURR,-36.7167,141.0167,47.18
LUBECK (ROSLYN),-36.7500,142.6500,37.37
KANAGULK,-37.1169,141.8031,41.3
PINE LAKE,-36.7667,142.3667,36.98
EDENHOPE AIRPORT,-37.0222,141.2657,40.19
HORSHAM AERODROME,-36.6699,142.1733,31.07
PYRENEES (BEN NEVIS),-37.2281,143.2005,56.39
MAROO WEST (WARRANOOKE (GLENORCHY) COMPA,-36.7259,142.7294,37.24
GRAMPIANS (MOUNT WILLIAM),-37.2950,142.6039,95.51
HARROW (KADNOOK),-37.2075,141.3625,53.92
STAWELL AERODROME,-37.0720,142.7402,39.65
LAH-ARUM (MT STAPYLTON),-36.9031,142.3583,33.06
PATYAH (BOOROOPKI),-36.8128,141.2592,41.28
PATYAH (BOOROOPKI COMPARISON),-36.8132,141.2599,43.1
BARMAH EAST,-36.0167,145.0000,31.07
BENJEROOP (DAVEY),-35.5100,143.8250,29.6
BOORT,-36.1160,143.7229,33.29
CALIVIL,-36.2667,144.0833,31.22
CANARY ISLAND,-35.9748,143.8521,30.27
CANARY ISLAND SOUTH,-36.0261,143.8617,29.64
CHARLTON POST OFFICE,-36.3000,143.4000,35.84
COBRAM POST OFFICE,-35.9164,145.6500,39.06
COHUNA (GOULBURN MURRAY),-35.8001,144.2083,30.88
ST ARNAUD (COONOOER BRIDGE),-36.4774,143.3525,36.33
CORNELIA CREEK STATION,-36.2500,144.8000,32.99
CUMEROOGUNGA ABORIGINAL SETTLE,-36.0000,145.0000,35.27
DINGEE,-36.3667,144.2333,32.83
PYRAMID HILL (SYLVATERRE),-36.0599,144.2119,34.44
DURHAM OX,-36.1351,143.9184,32.5
ECHUCA AERODROME,-36.1639,144.7639,35.56
FERNIHURST,-36.2833,143.8833,33.19
GLADFIELD HOPEFIELD ESTATE,-36.0406,143.9403,29.3
GLENLOTH EAST,-36.1000,143.4000,31.43
GLENLOTH SHINGLE HUT HMSD,-36.1620,143.3311,30.63
GUNBOWER (CIRCLE T WILTIPOL),-35.9660,144.3712,31.36
KANYAPELLA,-36.1000,144.9500,33.03
KATAMATITE,-36.0833,145.6833,37.69
KERANG,-35.7236,143.9196,31.14
KERANG (MERAN DOWNS),-35.8679,143.7995,29.93
TONGALA (KORALEIGH),-36.1500,145.0000,36.09
KORONG VALE (POST OFFICE),-36.3567,143.7053,37.47
KORONG VALE (BURNBANK),-36.3203,143.7350,34.89
KYABRAM POST OFFICE,-36.3167,145.0500,37.22
LAKE MARMAL,-36.1509,143.5182,31.0
LEITCHVILLE POST OFFICE,-35.9000,144.3000,30.78
LOCKINGTON,-36.3500,144.5000,34.81
MOIRA LOWER,-36.0167,145.0167,35.3
MACORNA,-35.9000,144.0000,29.88
MADOWLA PARK,-36.1000,145.0000,32.91
MEAD,-35.8333,144.1167,28.86
MINCHA,-35.9681,144.1073,30.55
MITIAMO,-36.2167,144.2333,33.32
MOLOGA FINE VIEW,-36.1500,144.2000,33.23
YARRAWALLA SOUTH,-36.1861,144.0565,30.69
MURRABIT R.W.C.,-35.5333,143.9167,28.95
MYSIA SR&WSC,-36.2333,143.7667,32.81
NATHALIA (POST OFFICE),-36.0591,145.2031,35.04
NUMURKAH POST OFFICE,-36.1000,145.4500,37.44
PATHO WEST,-35.9925,144.4227,30.45
PICOLA,-36.0000,145.1000,30.81
PINE GROVE STATE SCHOOL,-36.3000,144.3500,32.11
PIREE,-35.9500,145.3000,34.59
PYRAMID HILL,-36.0500,144.1000,30.22
ROCHESTER,-36.3612,144.7110,37.08
SANDMOUNT,-36.0000,145.5500,26.28
SERPENTINE (EAST LODDON),-36.3666,143.9522,34.23
TALLYGAROOPNA STATE SCHOOL,-36.3000,145.4000,35.67
TANDARRA,-36.4296,144.2497,34.01
TENNYSON,-36.2991,144.4317,33.79
TERRICK SOUTH,-36.1500,144.4000,28.36
TONGALA,-36.2507,144.9591,36.57
TONGALA (PEPPERTREE GROVE),-36.2000,145.0000,34.9
TORRUMBARRY,-36.1000,144.5000,31.69
STRATHMERTON (WOODLEA),-35.9167,145.4000,37.11
WAAIA,-36.0500,145.3333,35.74
WEDDERBURN (POST OFFICE),-36.4183,143.6123,39.26
WHARPARILLA WEST,-36.1000,144.6500,31.59
WYCHITELLA SOUTH,-36.2500,143.6000,34.26
YALCA,-36.0000,145.3000,35.29
YARROWEYAH,-35.9258,145.5560,38.07
YIELIMA POST OFFICE,-35.9000,145.2000,33.97
CHARLTON (DONALD ST),-36.2715,143.3450,34.21
BAMAWM,-36.2500,144.6000,34.0
BUCKRABANYULE (NARDOO VALE),-36.3000,143.5000,35.58
COBRAM MURRAY VILLA,-35.9000,145.7000,36.02
GLENALBYN,-36.6000,143.8000,38.23
KAARIMBA,-36.1000,145.3000,41.3
KERANG (TRAGOWELL),-35.8000,143.9333,28.32
KERANG HELVETIA FARM,-35.7333,143.9000,27.05
KOONDROOK,-35.6500,144.1500,32.21
MITIAMO 1,-36.2167,144.2333,31.28
MITIAMO 2,-36.2167,144.2333,28.85
NATHALIA HERALD OFFICE,-36.0833,145.2000,35.89
UPPER MOIRA (PICOLA NORTH),-36.0167,145.1167,37.2
ROCHESTER (TARANAH),-36.3500,144.7167,37.86
ROCHESTER WEST,-36.3500,144.7167,34.42
ROWLANDS (ROWAN),-35.8667,144.0833,27.44
ST GERMAINS,-36.2500,145.1500,35.45
SERPENTINE CREEK STATION,-36.3167,143.9833,35.08
SILESIAN DOWNS,-36.0000,144.0000,31.59
STRATHMERTON,-35.9000,145.5000,31.79
TIMMERING EAST,-36.4000,144.8500,34.52
TRAGOWEL,-35.8500,144.0000,27.71
WOOSANG,-36.3000,143.5000,35.68
YIELIMA (ESPERANCE),-35.9333,145.2167,34.41
KYABRAM,-36.3350,145.0638,37.61
WYUNA RESEARCH,-36.2000,145.0000,34.83
NARREWILOCK,-36.2000,143.4000,30.12
KOTTA,-36.2230,144.5367,34.03
PYRAMID HILL,-36.0875,144.0922,32.4
YEUNGROON (THE OAKS),-36.3833,143.3333,41.34
PRAIRIE WEST,-36.2983,144.1393,34.08
SERPENTINE LODDON VALLEY H'WAY,-36.4093,143.9752,35.05
KOTUPNA,-36.1333,145.1000,38.94
NUMURKAH,-36.0921,145.4531,36.79
PYRAMID HILL,-36.0597,144.1150,32.47
DINGEE,-36.3794,144.2298,33.2
WYUNA STATE SCHOOL,-36.2000,145.0500,41.73
NARINGALINGALOOK,-36.0500,145.6167,10.13
JACKLIN,-36.2667,143.9833,32.95
COBRAM (GOULBURN MURRAY),-35.9119,145.6446,38.85
KERANG GMW,-35.7357,143.9295,30.05
KOONDROOK IRRIGATION TRUST,-35.6333,144.1333,28.73
LEITCHVILLE,-35.9000,144.3167,35.62
MOUNT SCOBIE,-36.3500,144.9667,35.65
WUNGHNU,-36.1500,145.4833,44.06
KOW SWAMP,-35.9333,144.3000,26.34
MOLOGA WEST,-36.1333,144.0500,29.48
YALLOOK,-36.4333,144.1667,35.03
BARRAKEE SOUTH,-36.4500,143.4500,43.74
YEUNGROON EAST,-36.3833,143.4167,26.79
KOROOP,-35.7500,144.1333,33.85
MACORNA (ROSEVALE),-35.8833,144.0333,26.8
BORUNG,-36.3333,143.7500,26.66
BUCKRABANYULE,-36.2667,143.5167,32.02
BOORT EAST,-36.1167,143.8500,31.78
ULUPNA,-35.8876,145.3879,35.92
KERANG MODEL FARM,-35.7176,143.9111,30.23
WHARPARILLA,-36.1149,144.6282,28.64
CHARLTON,-36.2846,143.3341,31.4
STRATHMERTON,-35.9009,145.4935,39.03
WEST PRAIRIE,-36.2705,144.1718,34.04
ST ARNAUD (COONOOER BRIDGE (YAWONG)),-36.4442,143.3061,37.09
AVOCA (POST OFFICE),-37.0887,143.4747,44.62
LONGLEA,-36.8000,144.4000,42.8
BEALIBA,-36.7892,143.5437,38.67
BENDIGO PRISON,-36.7533,144.2825,45.87
LAKE ROWAN (BUNGEET),-36.2667,146.0500,46.82
BRIDGEWATER (MEMSIE),-36.6500,143.9333,35.26
BURKES FLAT,-36.6722,143.5522,37.13
CANIAMBO,-36.4565,145.6569,43.64
COLBINABBIN,-36.5421,144.7751,42.61
COOMA,-36.4000,145.1000,35.62
COROP,-36.4500,144.8000,35.27
DEVENISH POST OFFICE,-36.3000,145.9000,43.71
DEVENISH,-36.3000,145.9000,43.27
DOOKIE AGRICULTURAL COLLEGE,-36.3717,145.7048,45.43
DRUMMARTIN,-36.4500,144.4500,36.42
EAGLEHAWK,-36.7333,144.2333,45.39
ELMORE,-36.4956,144.6083,38.06
GOORAMBAT,-36.4150,145.9225,45.71
GOORNONG,-36.6000,144.5000,38.96
NAGAMBIE (GOULBURN WEIR),-36.7180,145.1731,45.17
INGLEWOOD (POST OFFICE),-36.5753,143.8695,38.44
INVERGORDON,-36.1500,145.6000,37.15
KATANDRA NORTH,-36.2500,145.6000,39.39
KATANDRA WEST,-36.2167,145.5500,37.28
KIALLA EAST,-36.5000,145.5000,43.45
KNOWSLEY POST OFFICE,-36.8333,144.5833,43.86
LAANECOORIE WEIR,-36.8339,143.8917,37.87
LAKE ROWAN,-36.3000,146.0000,41.84
LEICHARDT,-36.7000,144.1000,36.66
BOXWOOD,-36.3000,145.8000,43.4
MARONG,-36.7000,144.1000,38.77
MERRIGUM,-36.3667,145.1333,39.08
MIEPOLL SOUTH,-36.6837,145.5103,48.92
MOLKA (LOWANA),-36.6436,145.4197,43.0
MOOROOPNA,-36.3989,145.3448,40.66
MURCHISON,-36.6146,145.2143,45.04
MURCHISON (EAST NOORILIM),-36.6500,145.2000,44.34
NAGAMBIE CBA,-36.7833,145.1667,46.39
NATTE YALLOCK,-36.9405,143.4686,38.23
PEECHELBA,-36.2000,146.2000,46.28
RAYWOOD,-36.5340,144.2080,37.08
RUNNYMEDE,-36.5000,144.6000,36.87
RUSHWORTH,-36.5915,145.0162,43.85
GOULBURN RIVER @ SHEPPARTON,-36.3798,145.3935,42.41
SHEPPARTON EAST,-36.4000,145.5000,41.25
STANHOPE,-36.4436,144.9840,37.35
TARNAGULLA,-36.7689,143.8288,38.9
TATURA POST OFFICE,-36.4431,145.2300,40.15
TATURA INST SUSTAINABLE AG,-36.4379,145.2673,40.2
TOOLLEEN (RYAN),-36.7167,144.7000,40.64
TUNGAMAH,-36.1634,145.8838,42.67
WANALTA,-36.6000,144.9000,38.61
WARANGA SHORES (WARANGA RESERVOIR),-36.5107,145.0904,40.37
WHROO,-36.6000,145.1000,42.23
WILBY,-36.1569,146.0125,41.83
YABBA NORTH,-36.2000,145.7000,36.29
YARRAWONGA POST OFFICE,-36.0281,146.0044,43.41
BRIDGEWATER (POST OFFICE),-36.6008,143.9412,36.28
MOOROOPNA NORTH WEST,-36.4000,145.2667,50.88
SEDGWICK,-36.9000,144.3167,62.06
AXEDALE,-36.8000,144.5000,42.61
AKOONA,-36.5000,145.3000,40.3
AVOCA,-37.0833,143.4833,41.72
BOWEYA NORTH,-36.2000,146.0833,42.18
BURRAMINE,-36.0000,145.9000,35.89
CARAG CARAG,-36.4500,144.9000,35.97
CASTLE BEND (AKOONAH),-36.5000,145.3000,12.93
FOSTERVILLE,-36.7000,144.4000,36.94
KURRACA,-36.5000,143.5500,36.65
LAANECOORIE MECHANICS INST,-36.7500,143.9000,37.64
RAVENSWOOD,-36.9000,144.2000,49.74
REDCASTLE,-36.8000,144.8000,46.0
RHEOLA,-36.6500,143.7000,40.48
SHELBOURNE STATE SCHOOL,-36.9000,144.0000,37.8
SEDGWICK (MARYVALE),-36.9167,144.3167,49.17
TALLYGAROOPNA HOMESTEAD,-36.2500,145.3833,40.69
TOOLAMBA,-36.5000,145.3000,35.24
WOODSTOCK WEST,-36.8000,144.0000,38.98
YOUANMITE,-36.1500,145.7000,33.85
YUNDOOL,-36.3000,145.8500,41.68
BUNG BONG,-37.1000,143.6000,42.17
ARCADIA (NOORILIM PARK),-36.5500,145.3000,42.94
EPPALOCK RESERVOIR,-36.8464,144.5267,42.52
LEMNOS (CAMPBELLS SOUP),-36.3608,145.4594,47.43
DUNOLLY,-36.8593,143.7295,41.17
SEDGWICK,-36.8639,144.3221,51.9
BUNGEET (HIGHLANDS),-36.2567,146.0433,42.37
BIG HILL RESERVOIR,-36.8333,144.2333,46.91
CAMPBELLS FOREST (YARRABERB),-36.5692,144.0739,34.22
MOLIAGUL,-36.7446,143.6788,44.36
GLENALBYN (BRENANAH),-36.5486,143.6958,41.73
EASTVILLE (BONNIE BANKS),-36.8645,143.9784,39.85
MALDON (ROCKLYN),-36.9000,144.0833,49.36
COROP (VIEW FIELD),-36.4475,144.7611,43.69
MURCHISON (ARCADIA (SUNNYVILLE)),-36.5901,145.3118,43.5
HEATHCOTE (DARGILE),-36.8167,144.7333,58.31
EAGLEHAWK BOROUGH OFFICE,-36.7167,144.2500,44.16
KATUNGA,-36.0000,145.7500,38.09
WOODSTOCK-ON-LODDON (ALEXANDRA PARK),-36.7682,143.9866,37.44
THOONA,-36.3500,146.0667,47.3
NOORILIM MEADOWS,-36.5333,145.4000,44.49
YOUARANG,-36.1667,145.8000,44.24
TELFORD,-36.1000,145.9333,32.7
GIRGARRE (WOODTHORPE),-36.4333,145.1333,36.44
HARSTON (COORAMINTA),-36.4833,145.1667,41.93
COSGROVE (KOIMBURRA),-36.3667,145.7167,45.61
WANALTA (MCEVOY),-36.6667,144.8167,74.71
WANALTA RAGLIS PROPERTY,-36.6667,144.8833,40.55
TATURA (THIESS SERVICES),-36.4344,145.2278,38.86
WANALTA DAEN STATION,-36.6284,144.8727,41.67
CHESNEY VALE (LAKE MOKOAN NO 1),-36.4556,146.0239,45.92
LAKE MOKOAN 2,-36.4717,146.1367,49.28
KNOWSLEY,-36.8093,144.6203,43.49
BUNDALONG SOUTH,-36.0967,146.2200,38.89
RUSHWORTH (RAGLUS),-36.5832,145.0122,44.66
SANDHURST RESERVOIR,-36.8449,144.2415,46.98
AVOCA (HOMEBUSH),-37.0382,143.4812,38.08
BENDIGO AIRPORT,-36.7411,144.3274,43.01
YARRAWONGA,-36.0294,146.0305,40.0
SHEPPARTON AIRPORT,-36.4288,145.3949,37.49
LONG GULLY,-36.7383,144.2550,46.42
AVOCA RIVER AT ARCHDALE JUNCTION,-36.8867,143.5022,31.09
TARNAGULLA (LLANELLY),-36.7448,143.8254,32.48
BARNAWARTHA,-36.1135,146.6841,45.88
BEECHWORTH COMPOSITE,-36.3702,146.7132,79.55
BENALLA (SHADFORTH STREET),-36.5483,145.9703,55.75
BENALLA ILFORD,-36.6500,146.0000,62.01
BENALLA SHARON,-36.6667,145.9667,58.45
BETHANGA LOWER,-36.1000,147.1000,63.38
BOORHAMAN,-36.2222,146.2831,48.7
BURROWYE,-36.0000,147.5500,76.58
CALLAGHAN CREEK STATION,-36.4552,147.4318,84.85
CARBOOR,-36.6085,146.5371,76.02
CHILTERN (POST OFFICE),-36.1491,146.6106,57.51
CORRYONG (PARISH LANE),-36.2003,147.8956,64.37
CRAVENSVILLE,-36.4000,147.6000,77.0
CUDGEWA STATE SCHOOL,-36.2000,147.8000,67.76
CUDGEWA NORTH,-36.2000,147.9000,65.45
ELDORADO,-36.3093,146.5224,55.46
EUROA,-36.7569,145.5660,53.91
EVERTON,-36.4000,146.5500,53.22
UPLANDS (GIBBO RIVER PARK),-36.7692,147.6952,89.68
GOORAM GONG,-36.9000,145.6000,68.0
HANSONVILLE,-36.6000,146.3000,59.06
INDIGO,-36.0964,146.6008,51.75
KERGUNYAH SOUTH,-36.4462,147.0431,76.47
KING VALLEY,-36.7000,146.4000,84.4
KOETONG,-36.1523,147.4938,92.62
LIMA EAST,-36.8167,145.9500,78.89
LUCYVALE,-36.2833,147.6167,79.06
MEADOW CREEK,-36.6000,146.4000,60.92
MIDDLE CREEK (LENEVA),-36.2000,146.9000,64.86
MILAWA BROWN BROS,-36.4560,146.4299,54.06
MITTA MITTA,-36.5500,147.4000,84.82
SNOWY CREEK (SNOWY CK D/S LIGHTNING CREE,-36.6625,147.4319,124.36
MOYHU,-36.5758,146.3783,63.01
MYRRHEE (JOELYN),-36.6975,146.2852,80.15
MYRTLEFORD POST OFFICE,-36.5667,146.7333,75.34
NARIEL CREEK (SIMPSON),-36.3336,147.7968,85.97
OSBORNES FLAT,-36.3000,146.9000,66.71
RUFFY,-36.9667,145.5000,63.35
RUTHERGLEN POST OFFICE,-36.0550,146.4783,48.79
RUTHERGLEN RESEARCH,-36.1048,146.5094,48.87
RUTHERGLEN NETHERBY WINE,-36.0500,146.4000,45.17
SPRINGHURST,-36.1859,146.4694,51.33
STRATHBOGIE,-36.8472,145.7307,79.88
STRATHBOGIE NORTH,-36.7871,145.8225,88.77
TALLANDOON POST OFFICE,-36.4333,147.2000,80.06
TALLANGATTA DCNR,-36.2161,147.1764,66.86
TANGAMBALANGA NE DAIRY,-36.2509,147.0263,63.23
TALLANGATTA (BULLIOH),-36.1871,147.3552,70.5
THOWGLA UPPER,-36.3000,148.0000,68.82
VIOLET TOWN,-36.6324,145.7181,53.96
WAHGUNYAH NURSERY,-36.0000,146.4000,42.84
WAHGUNYAH,-36.0000,146.4000,45.56
WALWA,-35.9631,147.7366,66.77
WANGARATTA,-36.3667,146.3000,52.94
WARRENBAYNE (BADDAGINNIE),-36.6500,145.8833,61.52
WHOROULY,-36.5031,146.6019,63.09
WODONGA,-36.1180,146.9061,59.48
WOORAGEE,-36.3025,146.7299,68.32
YACKANDANDAH,-36.3291,146.8487,79.19
STANLEY STATE FOREST,-36.4167,146.7667,102.79
TOWONG UPPER,-36.1992,148.0244,73.61
SWANPOOL (TIREE),-36.7025,146.0342,72.17
TINTALDRA,-36.0508,147.9389,60.51
ESKDALE (LITTLE SNOWY CREEK),-36.6833,147.2333,85.72
BRUARONG,-36.4167,146.8667,78.36
WYEEBOO,-36.2833,147.4000,78.25
CORRYONG FORESTRY,-36.2000,147.9000,66.1
GIBBO RIVER AREA (PEACEFUL VALLEY),-36.7333,147.7667,95.62
MITTA MITTA,-36.5293,147.3748,86.67
BOBINAWARRAH,-36.5531,146.4583,63.47
BALMATTUM EAST,-36.7000,145.6000,50.15
BARNAWARTHA,-36.1500,146.6500,50.82
BENALLA (RYANS CREEK 1),-36.5500,145.9500,64.28
BENALLA (RYANS CREEK 2),-36.5500,145.9500,64.24
BERRINGAMA,-36.2500,147.7000,82.98
BIGGARA,-36.3000,148.0500,75.22
DARTMOUTH RESERVOIR,-36.5352,147.4984,82.03
DEDERANG,-36.5000,147.0000,73.98
ESKDALE,-36.4500,147.3000,78.2
GLENROWAN,-36.5000,146.2000,56.2
GOORAM (LARNEUK),-36.9000,145.6000,62.9
GOORAMADDA,-36.0000,146.5000,45.67
HUON LANE,-36.2000,147.0000,63.33
LONGWOOD,-36.8040,145.4180,52.23
BOHO (HONEYSUCKLE CK U/S VIOLET TOWN),-36.7136,145.7603,68.08
RUTHERGLEN VITICULTURE COLLEGE,-36.1000,146.5500,48.46
SNOWY CREEK STATION (ROCKALPINE HOUSE),-36.6000,147.4000,91.41
STANLEY,-36.4000,146.8000,97.78
WODONGA SOUTH,-36.1347,146.8889,62.48
TERIP TERIP,-37.0018,145.5680,72.12
DEDERANG,-36.4793,147.0297,77.21
HINDLETON (MONIVAE),-36.1667,147.3500,73.43
SHELLEY,-36.1821,147.5515,94.42
GLENROWAN POST OFFICE,-36.4658,146.2217,57.66
BADDAGINNIE,-36.5950,145.8650,53.98
CREIGHTONS CREEK (BARONGA (CREIGHTON'S C,-36.9005,145.5228,69.6
BULLIOH (WOOD HILL),-36.1873,147.3050,74.89
TATONG (ALANDALE),-36.7497,146.1178,69.93
GUNDOWRING UPPER,-36.5189,147.0728,75.75
BONEGILLA,-36.1333,147.0000,65.0
EVERTON (DAWSON),-36.4264,146.5106,58.3
BULLIOH (HINDLETON),-36.1430,147.3772,78.07
BURROWYE STATION,-36.0244,147.5475,72.22
WHITFIELD (KING RIVER AT CHESHUNT),-36.8314,146.3982,89.14
MIITA MITTA RIVER @ TALLANDOON,-36.4083,147.2333,80.61
LIMA SOUTH (LAKE NILLAHCOOTIE),-36.8550,146.0046,69.98
MOLYULLAH (KILLANOOLA),-36.6133,146.1131,59.51
TATONG,-36.7565,146.0944,69.1
GAPSTED,-36.4970,146.6634,65.56
OVENS RIVER @ EUROBIN,-36.6533,146.8567,95.94
MYRTLEFORD,-36.5617,146.7125,72.29
WANGARATTA TOWN HALL,-36.3500,146.3333,47.42
BENALLA (FARNLEY),-36.4667,146.0333,51.6
MYRRHEE (BOGGY CK AT ANGLESIDE),-36.6083,146.3583,55.56
BETHANGA,-36.1256,147.0995,64.62
BUFFALO RIVER SOUTH,-36.6333,146.7000,50.08
WHOROULY NORTH,-36.5000,146.5500,75.35
ESKDALE (LAUREL HILL),-36.5080,147.2144,97.46
OVENS RIVER (WANGARATTA),-36.3500,146.3417,51.82
WODONGA SENTINEL OFFICE,-36.1167,146.1333,59.14
TINTALDRA (JEPHCOTT),-36.0500,147.9333,63.17
STRATHBOGIE PINE RIDGE,-36.8167,145.7667,90.33
STRATHBOGIE (BRAE BANK),-36.8833,145.7000,76.16
PEECHELBA EAST,-36.1425,146.2486,45.26
HURDLE CK AT BOBINAWARRAH,-36.5131,146.4483,54.31
WOODFIELD,-37.0167,145.8000,55.51
MOUNT BARANDUDA TELECOM,-36.2619,146.8556,91.94
WARRENBAYNE,-36.6918,145.8741,73.95
INDIGO UPPER (YARRANDOO),-36.2333,146.7833,48.97
EUROA (BOONAH),-36.7864,145.6081,58.25
BEECHWORTH WOOLSHED,-36.3192,146.6803,64.72
WANGARATTA AERO,-36.4205,146.3056,50.73
HUNTERS HILL,-36.2137,147.5395,100.19
LIMA EAST (CHARNWOOD),-36.8542,145.9381,80.99
EUROA (MIEPOLL),-36.6733,145.4961,44.55
TOLMIE (MOUNT TABLETOP REPEATER),-36.9461,146.2197,75.9
SHEANS CREEK (HERONSLEA),-36.7861,145.6581,48.29
KELVIN VIEW (WATERHOUSE RESERVOIR),-36.8167,145.6400,52.94
GOORAM (HILLSIDE),-36.8753,145.5783,55.64
GOORAM (MORELLA),-36.9322,145.5842,58.67
MERTON (ENDERLEE),-36.9217,145.6769,60.41
TOO ROUR (MOROKO PARK),-36.8278,145.8494,69.67
EUROA (CASTLE CK AT TELFORD BRIDGE),-36.7858,145.5683,49.0
SEVEN CREEKS AT STRATHBOGIE,-36.8628,145.7333,70.49
KITHBROOK (BALQUHAIN),-36.8206,145.7050,62.41
SEVEN CREEKS AT D/S POLLY MCQUINNS WEIR,-36.8892,145.6814,61.21
HOLLAND CK AT WRIGHTLEY,-36.8211,146.1278,76.71
MYRHEE (HANDCOCKS),-36.7903,146.2800,92.24
MYRRHEE (CRYERS),-36.7400,146.3400,76.29
EDI UPPER (BLACK RANGE TROUT FARM),-36.7478,146.5362,86.53
ROSEWHITE FLD,-36.5775,146.8203,74.58
CARBOOR UPPER,-36.6364,146.5547,76.43
STUMP HILL (BARJARG),-36.9502,146.0095,60.35
BLOOMFIELD PARK (EVERTON),-36.4186,146.5572,56.79
GRETA WEST,-36.5344,146.2181,59.43
BULLIOH (SOLDIER SETTLERS RD),-36.2153,147.3189,67.63
CORRYONG AIRPORT,-36.1826,147.8942,65.89
BENALLA AIRPORT,-36.5522,145.9977,48.83
TINTALDRA (WARRAROONG),-36.0424,147.8957,66.55
HUON (BARKLEYS CAMP),-36.2491,147.0954,70.44
ARCHERTON,-36.9064,146.2389,110.97
OVENS RIVER @ HARRIETVILLE,-36.8799,147.0620,96.27
BARJARG,-37.0000,146.0000,66.18
BENAMBRA (EVANDALE),-36.9453,147.7410,55.23
BOGONG,-36.8056,147.2239,150.1
BRIGHT POST OFFICE,-36.7000,147.0000,89.64
COBUNGRA,-37.0333,147.2667,53.48
DANDONGADALE (MOUNTAIN VIEW),-36.8064,146.6250,100.05
DELATITE,-37.1500,146.1000,65.58
EUROBIN,-36.6344,146.8628,94.87
GLEN VALLEY (GLEN WILLS),-36.9000,147.5000,91.26
HARRIETVILLE,-36.8925,147.0644,117.8
HINNOMUNJIE,-37.0167,147.6667,51.5
HOTHAM HEIGHTS,-36.9833,147.1500,124.83
HOWQUA,-37.2333,146.1500,85.93
HOWQUA HILLS,-37.2000,146.3000,114.56
JAMIESON,-37.3014,146.1406,97.53
MANSFIELD (POST OFFICE),-37.0525,146.0872,58.8
MANSFIELD 2,-37.0500,146.0833,60.08
MERRIJIG,-37.1000,146.2667,58.69
MERRIJIG,-37.1000,146.2000,64.0
MOUNT BEAUTY,-36.7450,147.1633,104.41
MOUNT BULLER,-37.1450,146.4394,122.3
OMEO COMPARISON,-37.1011,147.5980,56.06
OMEO VALLEY,-37.2000,147.5500,56.61
SMOKO,-36.8000,147.0000,97.66
THE BROTHERS,-36.9000,147.8000,54.5
TOLMIE (LANGLEY),-37.0000,146.2000,70.18
TOLMIE STATE SCHOOL,-37.0000,146.2000,94.14
WHITFIELD,-36.7513,146.4156,90.59
WHITLANDS (BURDER'S LANE),-36.8473,146.3225,116.48
WOODS POINT,-37.5695,146.2543,121.77
THOMSON UPPER,-37.6333,146.1333,134.14
OMEO SHANNON VALE,-36.9257,147.4230,75.2
KEVINGTON (TEN MILE),-37.3667,146.2167,113.45
FALLS CREEK SEC,-36.8633,147.2794,216.77
TAWONGA,-36.6566,147.1283,94.41
CONNORS PLAIN RWC,-37.5550,146.4933,90.26
DANDONGADALE (ABBEYARDS),-36.8000,146.6500,141.01
TIMBERTOP,-37.1167,146.3000,84.8
LICOLA (WILLOW CREEK),-37.5667,146.5833,75.02
FALLS CREEK (ROCKY VALLEY),-36.8756,147.2886,187.47
BARWITE (BARRAGUNDA),-37.0000,146.1667,80.84
JORDAN,-37.6167,146.2833,93.13
BUCKLAND LOWER,-36.8000,146.8500,123.92
DARLINGFORD,-37.2500,146.0167,81.01
GLEN WILLS (DARVALL),-36.8667,147.4667,101.43
GLEN WILLS (SHANNON VALE),-36.9167,147.4500,78.75
MANSFIELD (WOLVERTON),-37.0500,146.0833,62.01
MOUNT ST BERNARD,-37.0000,147.1000,121.69
OMEO THE PINES,-37.1000,147.5833,46.63
TAWONGA,-36.6167,147.1167,98.01
BOGONG HIGH PLAINS,-36.9167,147.2833,176.89
KEVINGTON,-37.3667,146.1667,96.94
MYRTLEFORD (OVENS RESEARCH STATION),-36.6074,146.7888,85.58
HALLS (BUCKLAND RIVER AT TWELVE MILE),-36.8547,146.8581,94.89
MOUNT MATLOCK,-37.5833,146.1833,122.29
POREPUNKAH,-36.7000,146.9333,94.27
BENAMBRA (THE BROTHERS),-36.9410,147.7779,60.08
CHESHUNT EURANGIE PARK,-36.8190,146.4818,96.01
MATLOCK,-37.6050,146.2167,127.81
BRIGHT,-36.7313,146.9614,90.62
OMEO SHAMROCK PARK,-37.0833,147.6000,62.56
SUNNYSIDE,-36.8333,147.5000,102.73
CHESHUNT SOUTH,-36.8500,146.4000,105.07
MOUNT BUFFALO CHALET,-36.7220,146.8189,150.18
LAKE WILLIAM HOVELL RESERVOIR,-36.9136,146.3864,99.3
BALD HILL,-37.0322,146.3508,74.83
MOUNT BUFFALO (CRESTA),-36.7667,146.7833,124.9
LAKE BUFFALO,-36.7142,146.6714,85.29
BIG RIVER (MESSMATE RIDGE),-37.5164,145.9497,112.32
MOUNT HOTHAM,-36.9833,147.1478,151.96
EDI UPPER,-36.7396,146.4671,85.56
FALLS CREEK,-36.8708,147.2755,112.76
MOUNT HOTHAM,-36.9772,147.1342,129.95
BROOKSIDE,-36.7500,146.8833,97.86
OMEO,-37.1017,147.6008,55.61
JAMIESON LICOLA RD,-37.3016,146.1489,91.34
MT SUNDAY,-37.3399,146.4242,94.95
HOWITT PLAINS (HIGH RIDGE),-37.2236,146.6021,120.3
ANGLERS REST (BUNDARRAH VALLEY),-37.0004,147.4110,70.53
DANDONGADALE,-36.7651,146.6634,94.75
BENDOC PARK,-37.1177,148.9652,57.5
BINDI,-37.1136,147.8119,53.9
BONANG,-37.1712,148.7228,75.56
BRUTHEN (POST OFFICE),-37.7073,147.8315,62.42
BUCHAN (GILLINGALL),-37.3000,148.2000,75.98
BUCHAN,-37.4955,148.1760,67.75
BUTCHERS RIDGE POST OFFICE,-37.4000,148.3000,80.0
BUTCHERS RIDGE,-37.2789,148.2544,78.94
CABBAGE TREE CREEK,-37.7084,148.7093,87.92
CLUB TERRACE,-37.5414,148.9386,85.11
COMBIENBAR,-37.4000,149.0167,93.81
DARGO,-37.5000,147.2500,59.47
DARGO,-37.4522,147.2506,61.08
DELEGATE RIVER,-37.0667,148.8000,65.95
DELLICKNORA (TELLICURA),-37.1060,148.6863,60.33
ENSAY,-37.3697,147.8387,58.68
GABO ISLAND LIGHTHOUSE,-37.5679,149.9158,77.96
GELANTIPY EAST,-37.2500,148.3000,78.97
GENOA,-37.4833,149.5667,78.55
GLENALADALE (LARAPINTA),-37.7500,147.2500,65.64
HAWKHURST,-37.4194,147.1161,60.47
KALIMNA,-37.9000,147.9000,52.57
LAKES ENTRANCE POST OFFICE,-37.8833,148.0000,60.0
MARLO,-37.7863,148.5456,69.0
MURRUNGOWAR,-37.6333,148.6833,87.33
NICHOLSON (YENDALOCK),-37.8506,147.7664,54.63
NOORINBEE,-37.5667,149.1500,81.17
CANN RIVER FORESTRY,-37.5333,149.1500,83.98
NOWA NOWA,-37.7279,148.0958,70.02
NOWA NOWA (WAIREWA),-37.6667,148.1833,69.45
ORBOST (COMPARISON),-37.6917,148.4589,70.46
BRODRIBB RIVER,-37.7000,148.5667,72.76
REEDY FLAT,-37.4000,147.9000,64.75
SARDINE CREEK,-37.5000,148.5333,81.59
SARSFIELD,-37.7500,147.7000,58.18
SWIFTS CREEK,-37.2616,147.7230,50.26
BEMM RIVER (SYDENHAM INLET),-37.7500,148.9667,75.33
TONGIO (BROOKLANDS),-37.1793,147.7077,53.9
WULGULMERANG,-37.1000,148.3000,54.51
TUBBUT,-37.0713,148.5914,56.39
WANGARABELL,-37.3721,149.4740,75.18
GIPSY POINT,-37.4667,149.6667,92.81
GOONGERAH LOWER,-37.3667,148.6833,85.21
BENTLEYS PLAINS,-37.2333,147.8833,109.26
BLACK MOUNTAIN,-37.0071,148.2666,60.29
LAKE TYERS,-37.8526,148.0639,64.12
MARTIN VALE,-37.4167,148.5833,92.58
METUNG,-37.8833,147.8500,53.22
BINDI (LEOMINSTER),-37.1167,147.8167,58.92
BONANG (GOOMGERAH),-37.2000,148.7000,82.15
BOULDER FLAT,-37.5000,148.9000,77.69
BUCHAN (ALMA VALE),-37.5000,148.1833,60.59
BUCHAN (BASIN RANCH),-37.5000,148.1833,73.64
BUCHAN STATE SCHOOL,-37.5000,148.1833,58.71
ENSAY,-37.3500,147.8000,55.52
ENSAY (BOONAHBIRA),-37.3500,147.8167,51.21
GENOA (GIPSY POINT),-37.4667,149.6667,80.39
GELANTIPY,-37.2167,148.2667,79.04
KOWAT,-37.3000,149.3000,92.53
MALLACOOTA WEST,-37.5500,149.6833,72.5
NOWA NOWA RAILWAY STATION,-37.7333,148.1167,72.69
SWIFTS CREEK BUTTER FACTORY,-37.2500,147.7167,44.6
TABBERABBERA,-37.6000,147.3500,55.39
TALBOTVILLE,-37.3000,147.0000,55.9
TONGIO WEST,-37.2500,147.6333,44.36
TONGHI CREEK 1,-37.6000,149.1000,79.36
WROXHAM,-37.3000,149.4000,70.32
SUGGAN BUGGAN,-36.9500,148.3333,50.22
KARLO CREEK STATION,-37.5333,149.4667,104.59
POINT HICKS (LIGHTHOUSE),-37.8017,149.2747,80.03
TONGHI CREEK (POST OFFICE),-37.5697,149.0625,86.86
MALLACOOTA POST OFFICE,-37.5667,149.7500,77.3
NOORINBEE NORTH,-37.4167,149.1833,82.54
GLENARTE,-37.5500,148.8000,113.18
BULDAH,-37.2833,149.1333,78.78
BENDOC FORESTRY,-37.1500,148.8833,66.34
SARSFIELD EAST,-37.7513,147.7301,59.85
MANORINA,-37.6833,148.8000,95.58
BAIRNSDALE POST OFFICE,-37.8167,147.6167,58.98
BAIRNSDALE (CLOVELLY),-37.8000,147.6000,70.12
BAIRNSDALE 1,-37.8167,147.6167,60.26
LAKES ENTRANCE,-37.8692,147.9961,58.91
MALLACOOTA,-37.5976,149.7289,78.02
COMBIENBAR,-37.4315,149.0003,81.64
SWAN REACH (TAMBO VALE),-37.8167,147.8667,63.05
TABBERABBERA (THE PINES),-37.5833,147.3667,63.92
BROOKVILLE,-37.3333,147.6167,67.74
TAMBO CROSSING,-37.5058,147.8476,64.42
BULLUMWAAL POST OFFICE,-37.6500,147.5333,80.85
MELWOOD (BUNDALEER),-37.7283,147.5167,73.11
BETE BOLONG (RUSSELLS ESTATE),-37.7132,148.3954,68.82
BUCHAN (TIMBARRA),-37.3160,148.0459,72.89
DARGO (HOMELEA),-37.4333,147.3167,66.96
BUCHAN SOUTH,-37.5455,148.1357,64.38
BULLUMWAAL,-37.6764,147.5514,64.25
METUNG (BELL POINT),-37.8833,147.8833,61.22
BAIRNSDALE WATERWORKS,-37.8332,147.6205,59.13
DARGO (BLACK SNAKE CREEK STATION),-37.4333,147.1500,53.85
CABANANDRA (GREENHAVEN),-37.1333,148.6664,59.51
MARLO (JORGENSEN),-37.8000,148.5333,59.11
MURRUNGOWAR (DOUTHAT),-37.6183,148.7100,89.35
ERRINUNDRA,-37.3667,148.9167,119.61
BENDOC,-37.2241,148.8243,96.2
WULGULMERANG (PLEASANT VIEW),-37.0826,148.2791,58.14
BAIRNSDALE,-37.8333,147.6500,58.19
BUCHAN (SNOWY RIVER AT D/S BASIN CREEK),-37.5006,148.2717,63.1
DEDDICK,-37.1014,148.4308,53.96
CANN RIVER,-37.5656,149.1504,78.09
MOUNT NOWA NOWA,-37.7500,148.0833,75.31
SWAN REACH,-37.8167,147.8833,52.02
WATERHOLES,-37.6500,147.7000,47.44
MOUNT DRUMMER,-37.6667,149.3333,76.22
WONNANGATTA RIVER @ WATERFORD,-37.4900,147.1658,57.2
REEDY FLAT (TRINAFOUR),-37.4000,147.8833,59.96
GOONGERAH,-37.3167,148.7000,86.01
ORBOST SRWSC,-37.7014,148.4569,73.27
GENOA (FOOLS HAVEN),-37.4772,149.6386,80.16
WROXHAM NO 2,-37.3475,149.4806,74.63
SANS SOUCI,-37.5833,148.8833,82.8
CROOKED RIVER,-37.3811,147.1066,54.41
SNOWY RIVER AT MCKILLOPS BRIDGE,-37.0830,148.4141,43.02
WEERAGUA (CANN RIVER (EAST BRANCH) AT CH,-37.3564,149.2058,61.69
BETE BOLONG FCV PLANTATION,-37.6833,148.3333,73.18
WINGAN INLET ROAD,-37.6333,149.3333,79.78
NOWA NOWA FCV PLANTATION,-37.7667,148.0667,72.33
ERRINUNDRA PLATEAU,-37.3339,148.8742,135.09
GOONGERAH,-37.3397,148.7120,79.18
DEDDICK NATIONAL PARK,-37.0833,148.4833,53.12
BUTCHERS RIDGE (ITA),-37.2667,148.2500,86.06
MURRINDAL,-37.4283,148.1983,71.63
GOONGERAH SOUTH,-37.4000,148.6667,81.18
BENDOC COAST RANGE,-37.2333,149.0667,74.21
NICHOLSON WINERY,-37.7964,147.7559,58.17
COMBIENBAR (CLAPHAM),-37.3667,149.0167,68.98
GELANTIPY,-37.2200,148.2626,64.57
COMBIENBAR AWS,-37.3416,149.0227,79.94
MOUNT NOWA NOWA,-37.6924,148.0908,69.87
ORBOST,-37.6922,148.4667,62.4
MITCHELL RIVER AT BAIRNSDALE,-37.8275,147.5936,30.23
BAIRNSDALE (MITCHELL RIVER @ ROSEHILL),-37.8164,147.5714,54.68
METUNG (SUNNYBANK),-37.8395,147.8317,55.28
LAKES ENTRANCE (EASTERN BEACH ROAD),-37.8717,148.0060,59.72
COMBIENBAR,-37.3983,149.0153,83.22
MOUNT DELEGATE,-37.1125,148.8974,62.67
CAPE CONRAN (YEERUNG PARK),-37.7768,148.7049,89.05
ABERFELDY,-37.7000,146.3667,90.04
AGNES RIVER,-38.6775,146.3769,75.72
ALDIVALOCH (BUDGEREE),-38.4000,146.3000,86.27
ALBERTON POST OFFICE,-38.6167,146.6667,58.18
ALLAMBEE STATE SCHOOL,-38.2000,146.1000,104.0
TRARALGON CREEK (MOUNT HOOGHLY),-38.3938,146.4651,79.47
LE ROY (TAYLORS RD QUARRY),-38.3930,146.5132,79.22
BALOOK,-38.4307,146.5398,117.35
BALOOK,-38.4000,146.6000,117.25
TRARALGON EPA,-38.1951,146.5293,51.94
BENGWORDEN,-37.9667,147.4667,50.64
BLACKWARRY,-38.4000,146.6500,117.98
BOISDALE,-37.9000,147.0000,47.94
BOOLA BOOLA CAMP,-38.3500,146.2000,93.59
BOOLARRA,-38.3500,146.2000,81.09
BUDGEREE EAST (CLAREMONT),-38.4322,146.3806,94.97
BUSHY PARK,-37.8667,147.0167,50.23
CALLIGNEE SOUTH,-38.3833,146.6000,108.18
CARRAJUNG POST OFFICE,-38.3667,146.7000,95.68
CHILDERS,-38.3000,146.1000,97.33
CLYDEBANK,-38.0373,147.1780,49.38
MOUNT USEFUL,-37.7000,146.5167,87.07
DENISON (WANDOCKA STATE SCHOOL),-38.0100,146.8805,49.66
DROUIN BOWLING CLUB,-38.1383,145.8600,83.13
DROUIN WEST,-38.1000,145.8000,82.84
DUTSON,-38.1833,147.2000,48.08
ERICA,-37.9747,146.3745,90.69
FERNBANK,-37.9000,147.3000,55.9
FISH CREEK,-38.7199,146.0633,85.11
FOSTER (POST OFFICE),-38.6520,146.1997,91.17
BOOLARRA SOUTH,-38.4143,146.2961,88.28
FUMINA SOUTH,-37.9500,146.1333,95.58
GIFFARD,-38.4227,147.0864,46.68
GLENMAGGIE WEIR,-37.9069,146.8014,52.35
GLENMAGGIE (THE LAURELS),-37.8833,146.7500,55.98
GORMANDALE EAST,-38.3000,146.7000,69.89
HAZEL PARK,-38.6333,146.4500,91.88
HEYFIELD STATE SCHOOL,-38.0000,146.9000,50.16
HILL END POST OFFICE,-38.0000,146.1500,82.15
FISH CREEK (HODDLE RANGE),-38.6911,146.1488,86.48
INVERLOCH,-38.6114,145.7053,77.37
JINDIVICK,-38.0224,145.9000,95.27
JINDIVICK NORTH,-38.0117,145.9117,97.62
JUMBUK,-38.4000,146.4000,77.74
KORUMBURRA,-38.4349,145.8174,97.6
LABERTOUCHE,-38.0618,145.8039,76.52
LARDNER (BRANDIE BRAES),-38.2000,145.8667,85.11
LEONGATHA,-38.4667,145.9667,80.07
LEONGATHA STH GIPPSLAND WATER,-38.4842,145.9329,78.42
LINDENOW,-37.8010,147.4578,55.95
LOCH VALLEY PLANTATION,-37.8100,146.0217,112.91
MACKS CREEK,-38.5000,146.7000,76.01
MADALYA,-38.5108,146.5171,102.22
MAFFRA SHIRE HALL,-38.0000,147.0000,49.71
MAFFRA FORESTRY OFFICE,-37.9664,146.9831,49.66
MARDAN SOUTH,-38.4833,146.1167,85.19
MARYVALE,-38.2333,146.4167,72.79
GLENCAIRN (BARKLY RIVER (GLENVIEW)),-37.5277,146.5458,64.91
MOE GIPPSLAND WATER,-38.2004,146.2604,79.53
MOORMURANG THE RIDGE,-37.9000,147.5000,54.74
MORRELLS HILL,-38.4000,146.3000,75.43
MORWELL (MAIL CENTRE),-38.2347,146.4306,64.98
MOUNT BEST (UPPER TOORA),-38.6078,146.3185,94.74
NARRACAN STATE SCHOOL,-38.3000,146.2500,81.0
NARRACAN EAST (LYNNSMERE),-38.2933,146.2275,85.86
NEERIM,-37.9500,146.0000,97.3
NEERIM SOUTH,-38.0217,145.9517,84.02
PAYNESVILLE (BANKSIA),-37.9500,147.7000,55.68
PAYNESVILLE,-37.9000,147.7333,51.64
PORT ALBERT,-38.6667,146.6833,58.45
ROSEDALE,-38.1522,146.7875,53.61
EAST SALE,-38.1156,147.1323,49.32
SEASPRAY (BURONG),-38.3183,147.1752,49.3
BULN BULN (SHADY CREEK STATION),-38.2000,146.1000,88.76
STOCKDALE (GWANDALAN),-37.8000,147.2000,62.75
STRADBROKE WEST (INGLENOOK),-38.2667,146.9167,55.53
STRADBROKE POST OFFICE,-38.3000,147.0000,51.72
STRATFORD,-38.0000,147.1000,52.61
TANJIL BREN,-37.8000,146.2000,143.56
THE HEART,-38.1000,147.2000,49.11
THORPDALE STATE SCHOOL,-38.3000,146.2000,89.05
TIDAL RIVER,-39.0310,146.3227,87.39
TINAMBA WEST,-37.9000,146.8000,51.39
TOORA,-38.6643,146.3258,77.36
TRAFALGAR TOSELAND ROAD,-38.2183,146.1656,81.05
TRARALGON,-38.2000,146.5000,63.01
TURTONS CREEK (EURELLA),-38.5000,146.2000,115.08
VALENCIA CREEK,-37.8167,147.0000,57.11
VESPER,-37.9000,146.1000,114.99
VALENCIA CREEK (BULGAR PARK),-37.8167,146.9833,52.33
WALHALLA,-37.9413,146.4524,98.89
WARRAGUL (CARBETHON),-38.2000,145.9000,85.44
WARRAGUL,-38.1731,145.9487,84.82
WELSHPOOL,-38.6624,146.4297,72.57
WILLOW GROVE (MELROSE),-38.0667,146.1833,81.1
WILSONS PROMONTORY LIGHTHOUSE,-39.1297,146.4246,88.06
WOODSIDE,-38.5000,146.9000,56.59
YALLOURN,-38.2000,146.4000,74.73
POUND CREEK,-38.6297,145.8107,70.95
YINNAR,-38.3167,146.3333,69.04
TARRA VALLEY,-38.4667,146.5500,105.69
SEACOMBE (WELLINGTON PARK),-38.1167,147.4167,49.84
YALLOURN SEC,-38.1858,146.3317,73.73
COBBANNAH,-37.6167,147.1833,81.76
HAZELWOOD NORTH,-38.2883,146.4900,67.0
OLSENS BRIDGE (MORWELL RIVER PRISON),-38.4861,146.3233,114.82
ALBERTON WEST (KALLARA),-38.6000,146.5833,60.91
CALLIGNEE,-38.3667,146.6500,80.67
BINGINWARRI,-38.6000,146.4000,89.77
BOOLARRA 2,-38.3500,146.2833,74.76
BRIAGOLONG,-37.8000,147.1000,53.13
DARBY,-39.0000,146.3000,76.18
DARNUM,-38.2000,146.0000,79.04
FERNDALE,-38.2500,146.0000,99.7
FOSTER (ST LEONARDS),-38.6500,146.2167,96.99
GLENALADALE NORTH,-37.8000,147.3500,58.79
YANAKIE (GOLDEN CREEK STATION),-38.8000,146.2000,75.57
GOONA (NURE),-37.9500,147.6000,53.82
GUNYAH GUNYAH,-38.5000,146.3500,117.61
HEDLEY (VIVALEIGH),-38.6000,146.5000,66.81
JERICHO (JORDAN),-37.6167,146.2833,101.23
KARDELLA (FLEETWOOD),-38.4000,145.9000,95.91
LEONGATHA (VERONICA),-38.5000,146.0000,77.78
LONGFORD,-38.1500,147.1000,48.16
MEERLIEU (ROSENEATH),-38.0000,147.4000,50.9
NAMBROK,-38.1000,146.9000,42.0
NEERIM (DREWSDENE),-37.9500,145.9667,99.51
NEERIM NORTH,-37.9167,145.9667,94.84
NEERIM (LOCH VALLEY),-37.8000,146.0000,94.86
NEWRY,-37.9000,146.9000,48.9
NOOJEE NORTH,-37.9000,146.0000,117.11
ROSEDALE (MOUNT PLEASANT),-38.1500,146.7833,58.0
SALE,-38.1000,147.0500,50.84
SALE MERCURY OFFICE,-38.1000,147.0667,50.53
SEACOMBE,-38.1000,147.4000,43.61
SEATON,-37.9500,146.7000,55.06
TARWIN LOWER (RIVERSIDE),-38.7197,145.9033,74.47
TOONGABBIE,-38.1000,146.6000,58.59
TRARALGON (CORA LYNN),-38.2000,146.5500,59.4
MOONDARRA (GLEN ALLEN),-37.9500,146.2833,109.66
WALKERVILLE (WARATAH BAY),-38.8500,146.0000,83.39
WARRAGUL (NARINGA),-38.1500,145.9333,86.26
WON WRON,-38.5000,146.7000,62.92
WULLA (NULLOCK),-38.1167,147.0333,48.24
YINNAR (JEERALONG),-38.3000,146.3500,96.67
KORUMBURRA HILL SIDE,-38.4167,145.8333,93.94
ST CLAIR,-37.6500,146.1500,116.99
WOODSIDE (LAKE VIEW),-38.5239,146.8806,57.56
EAGLE POINT (BONNIE BANKS),-37.9517,147.6617,54.47
HAZELWOOD SEC,-38.2933,146.3883,57.76
YARRAM AIRPORT,-38.5647,146.7479,52.11
WON WRON PRISON,-38.4856,146.6717,64.04
NOOJEE,-37.9000,146.0000,89.46
COWWARR,-38.0000,146.6333,66.45
STONY CREEK (LORENONG),-38.6000,146.0833,92.9
WALKERVILLE,-38.8667,146.0000,43.52
DARRIMAN (TARRALANGI),-38.4191,146.9656,53.82
BEARDMORES,-37.8333,146.4167,68.59
BOOLARRA (AMY COURT),-38.3822,146.2742,78.84
YANAKIE (SHALLOW INLET),-38.7910,146.1803,73.11
YARRAGON (LYN PARK),-38.2150,146.0869,79.98
FERNBANK (TOWRI),-37.9163,147.3196,54.22
STRATFORD,-37.9581,147.0845,51.28
MEERLIEU (SPRINGVALE WEST),-38.0051,147.3958,52.89
BRIAGOLONG,-37.8346,147.0813,55.24
TRARALGON POST OFFICE,-38.2000,146.5500,70.92
TRARALGON L.V.W.& S.B.,-38.2211,146.5233,59.8
CULLODEN (ESTOPPEY),-37.8000,147.0833,75.09
CAPE LIPTRAP (MONEGEETA PARK),-38.8833,145.9500,82.77
TANJIL BREN POST OFFICE,-37.8283,146.1800,152.82
GLENALADALE NORTH (KOOROOTANG),-37.7500,147.2667,66.34
KOONWARRA (LEONGATHA SOUTH),-38.5274,145.9238,75.62
BULN BULN,-38.1036,145.9573,80.99
HALLSTON,-38.3591,146.0646,89.72
FOSTER NORTH (RADCLIFFE),-38.6167,146.1500,97.15
STREZLECKI (LEIGHWOOD),-38.3667,145.9000,100.17
BUFFALO,-38.6568,146.0063,73.51
TARWIN LOWER (BARANA PLAINS),-38.7833,145.9000,77.84
DUMBALK (SLY),-38.5333,146.1000,82.3
PAYNESVILLE,-37.9112,147.7130,55.85
WOODSIDE NORTH (SUNNYSIDE),-38.4167,146.8167,67.39
ICY CREEK,-37.9000,146.1000,115.27
PERRY BRIDGE,-38.0167,147.2833,41.73
YARRAGON,-38.2000,146.0667,68.09
YARRAM,-38.5601,146.6703,59.93
LARDNER,-38.1811,145.8892,84.86
WILLOW GROVE,-38.0654,146.1689,74.67
STRZELECKI (ALLANDEE),-38.3167,145.9000,92.12
FISH CREEK (ARDEEN),-38.7333,146.1000,105.13
MOONDARRA RESERVOIR,-38.0992,146.3792,87.52
KORUMBURRA STH GIPPSLAND WATER,-38.4323,145.7919,89.41
MEENIYAN,-38.5833,146.0167,86.42
NEERIM SOUTH (TARAGO RESERVOIR),-38.0220,145.9396,76.37
LICOLA RWC,-37.6303,146.6211,60.48
EASTON PORTAL,-37.7167,146.2667,89.39
LONGWARRY (BOXSHALL),-38.1167,145.7833,78.01
THOMSON PORTAL,-37.7000,146.2167,139.82
LONGWARRY (GOONEPAROO),-38.0744,145.7655,73.04
LONGWARRY,-38.1167,145.7667,75.09
LIVINGSTON,-38.5000,146.3333,112.56
GLENMAGGIE (CHEYNES),-37.7667,146.7000,64.54
LARDNERS JUNCTION,-38.2000,145.9000,134.85
LOY YANG (METROSSA),-38.1833,146.6167,64.68
BUNDALAGUAH,-38.0333,147.0167,39.24
MIRBOO NORTH (BROOMRIGGE),-38.4333,146.1500,96.48
NEERIM JUNCTION,-37.9333,145.9667,77.37
CARRAJUNG (BROOKSIDE),-38.3667,146.7667,86.49
ALTENHOF (EAST TARWIN NO 1),-38.5833,146.2000,100.61
EAST TARWIN NO.2,-38.5667,146.2167,98.31
EAST TARWIN NO.3,-38.5667,146.2167,96.16
EAST TARWIN NO.5 (INNES),-38.5667,146.1833,79.45
EAST TARWIN NO.6,-38.5500,146.2000,79.33
EAST TARWIN (MCLEOD),-38.5833,146.1833,86.48
EAST TARWIN NO.8,-38.5500,146.1833,37.25
EAST TARWIN (KULBE),-38.5333,146.2167,80.78
EAST TARWIN (MIRBOO PASTORAL COMPANY),-38.5215,146.2041,91.32
EAST TARWIN (HOLCOMBE),-38.5167,146.2333,72.56
EAST TARWIN NO.12,-38.5167,146.2333,66.64
EAST TARWIN NO.13,-38.5333,146.2500,79.14
EAST TARWIN NO.14,-38.5500,146.2500,85.04
EAST TARWIN NO.18,-38.5269,146.2581,86.93
CALLIGNEE NORTH,-38.3181,146.5645,72.1
NOOJEE ENGLISH HMSD,-37.8833,146.0000,100.97
ERICA (PARKERS CORNER),-37.9532,146.3896,94.26
JACOBS CREEK STATION,-38.0000,146.4000,90.42
ELLINBANK DAIRY RESEARCH INST,-38.2456,145.9347,90.97
DUMBALK NORTH,-38.5000,146.1833,85.79
MORWELL (BUCKLEYS HILL),-38.2375,146.4144,60.02
MATLOCK POST OFFICE,-37.6000,146.2333,113.35
YANAKIE POST OFFICE,-38.8167,146.2000,67.55
ALBERTON THE MEADOWS,-38.6167,146.7167,63.33
BUDGEREE EDEN PARK,-38.6167,146.2833,100.32
WARRAGUL HIGH SCHOOL,-38.1667,145.9167,63.28
ERICA (PHILIPS BRIDGE),-37.9973,146.3474,83.84
MORGANS MILL,-37.9500,146.3167,101.43
VALENCIA CREEK (LITTLE PLAIN),-37.8115,146.9567,54.61
CROOKED RVR (CROOKED RIVER (HAPPY VALLEY,-37.3573,146.9851,54.06
BARKLY RIVER (GLENLEA),-37.5125,146.5478,65.46
CAPE LIPTRAP (WALKERVILLE (360 DEGREES)),-38.8389,145.9715,80.35
KERR (LATROBE NO.1),-37.8833,145.8833,127.29
HILL END (FUMINA ROAD),-37.9833,146.1333,90.45
NOOJEE PEARCE,-37.8833,146.0167,102.44
MITCHELL RIVER @ GLENALADALE,-37.7647,147.3744,54.51
NAMBROK MURRAY,-38.0500,146.8833,39.42
ROTAMAH ISLAND,-37.9833,147.7333,54.83
MEENIYAN (KASMAR),-38.5833,145.9497,88.39
DARRIMAN (OMEGA),-38.4833,146.9333,56.85
AVON RIVER @ THE CHANNEL,-37.8039,146.8842,54.47
NOOJEE (SLIVAR),-37.9039,145.9719,91.97
ABERFELDY (LILY CREEK (LAROMMI)),-37.7196,146.3888,81.19
BAIRNSDALE AIRPORT,-37.8818,147.5669,53.92
MORWELL (LATROBE VALLEY AIRPORT),-38.2094,146.4746,60.8
TRARALGON CREEK AT KOORNALLA,-38.3245,146.5301,63.7
MIRBOO NORTH WATER BOARD,-38.3712,146.1791,84.27
WILLOW GROVE (BLUE ROCK RESERVOIR),-38.0809,146.2139,57.58
DROUIN SOUTH GIPPSLAND WATER,-38.1514,145.8372,80.68
STRINGYBARK CREEK,-37.7667,146.6667,53.48
GLENCAIRN RWC,-37.5167,146.5500,51.67
MOUNT TAMBORITHA,-37.4667,146.6883,77.48
MURDERERS HILL,-37.8514,146.5550,78.45
CHURCHILL,-38.3089,146.4097,68.72
MOUNT BAW BAW,-37.8384,146.2747,131.7
NOOJEE FORESTRY,-37.8897,145.9958,91.82
CAPE LIPTRAP (ILLAWONG),-38.8957,145.9355,74.67
WARATAH NORTH,-38.7714,146.0500,93.7
STONY CREEK,-38.5586,146.0648,79.83
MOUNT MOORNAPA,-37.7481,147.1428,72.1
MAFFRA,-37.9722,146.9860,44.87
EAST SALE COMPARISON,-38.1072,147.1317,41.73
KOORNALLA TRARALGON CK RD,-38.3232,146.5318,74.15
FOSTER HODDLE,-38.6796,146.1483,83.8
CORNER INLET (YANAKIE),-38.8051,146.1936,65.28
TAMBORITHA-MOROKA (SNOWY RANGE),-37.2864,146.7188,87.52
REEVES KNOB,-37.5325,147.0053,100.02
MOUNT WELLINGTON,-37.4967,146.8575,91.24
VESPER,-37.8758,146.0833,104.58
LICOLA,-37.6280,146.6224,60.28
JEERALANG NORTH,-38.3545,146.4379,65.69
THORPDALE PEAK,-38.3053,146.2139,70.08
MOE SOUTH,-38.2186,146.2487,81.27
YARRAGON SOUTH,-38.2741,146.0914,91.55
NILMA NORTH (WARRAGUL),-38.1321,145.9865,77.12
EAST SALE AIRPORT,-38.1016,147.1398,51.22
MOUNT ECCLES (FAIRBANK),-38.4099,145.9462,81.13
ATHLONE,-38.2500,145.7667,83.26
BALNARRING BEACH,-38.4000,145.1333,67.37
BALWYN NORTH,-37.8000,145.0500,60.2
BALWYN BELMORE GRANGE,-37.8047,145.0961,60.47
BEACONSFIELD UPPER,-38.0000,145.3500,85.93
BEENAK,-37.9000,145.6000,120.0
BENTLEIGH,-37.9279,145.0749,62.99
BLACK ROCK,-37.9667,145.0167,57.82
BLACK SPUR THE HERMITAGE,-37.5667,145.6500,129.8
BLACK SPUR,-37.5909,145.6236,135.61
BORONIA 1,-37.8500,145.3000,80.55
BOX HILL SOUTH,-37.8333,145.1500,65.36
BOX HILL AGED MENS RETREAT,-37.8364,145.1364,66.08
BURNLEY,-37.8000,145.0000,55.73
BURWOOD BOUNDARY ROAD,-37.8667,145.1500,60.26
BURWOOD EAST,-37.8500,145.2000,68.57
CANTERBURY,-37.8000,145.0500,67.83
CAPE SCHANCK LIGHTHOUSE,-38.4931,144.8858,62.51
CAULFIELD (RACECOURSE),-37.8795,145.0368,59.83
CAULFIELD SOUTH,-37.9000,145.0333,59.64
CHELTENHAM KINGSTON CENTRE,-37.9550,145.0783,59.11
CHRISTMAS HILLS,-37.6500,145.3000,62.63
CLEMATIS,-37.9333,145.4000,97.06
CLYDE STATE SCHOOL,-38.1000,145.3000,65.5
COBURG,-37.7500,144.9667,57.69
COWES,-38.4833,145.2667,63.4
CROYDON STATE SCHOOL,-37.8000,145.3000,72.46
CROYDON (SAMUEL STREET),-37.7903,145.2812,74.24
DANDENONG POST OFFICE,-38.0000,145.2000,69.08
BEACONSFIELD 2,-38.0000,145.4167,90.68
DONCASTER,-37.7833,145.1500,65.88
DROMANA,-38.4000,145.0000,65.64
BRIGHTON BOWLS CLUB,-37.9252,145.0254,55.59
ELSTERNWICK,-37.8833,145.0000,49.62
ELTHAM,-37.7004,145.1550,60.6
EPPING,-37.6312,144.9846,53.2
ESSENDON 1,-37.7333,144.9000,50.81
ESSENDON AIRPORT,-37.7276,144.9066,48.55
FLEMINGTON RACECOURSE,-37.7915,144.9067,48.6
FLINDERS STATE SCHOOL,-38.5000,145.0000,70.31
HMAS CERBERUS,-38.3667,145.1833,66.63
FRANKSTON 1,-38.1500,145.1000,59.84
FRANKSTON 3,-38.1500,145.1000,69.54
GARFIELD,-38.0686,145.6828,73.88
GEMBROOK,-37.9500,145.5667,101.84
GLENROY,-37.7167,144.9333,56.21
GLEN WAVERLEY (SYNDAL),-37.9000,145.2000,71.68
HASTINGS POST OFFICE,-38.3167,145.2000,70.64
HAWTHORN,-37.8000,145.0500,55.66
HEALESVILLE (BADGER CRK SANCTUARY),-37.6833,145.5333,83.96
HEALESVILLE (MOUNT TOOLE BE WONG),-37.6500,145.5000,103.14
HEALESVILLE (MOUNT ST LEONARD),-37.6000,145.5000,102.96
HEIDELBERG (ROSANNA),-37.7500,145.0000,56.55
HIGHETT CSIRO,-37.9500,145.0333,70.08
OFFICER (JESMOND DENE),-38.0500,145.4000,66.69
KALLISTA FORESTRY,-37.9000,145.3833,110.74
KALKALLO,-37.5167,144.9500,51.37
KALORAMA,-37.8000,145.3000,98.72
KANGAROO GROUND,-37.6830,145.2518,65.52
KEW,-37.8167,145.0333,61.17
KINGLAKE,-37.5333,145.3333,101.12
KOO WEE RUP,-38.2000,145.5000,65.1
LANG LANG,-38.2627,145.5639,70.68
LANGWARRIN (BAXTER),-38.1667,145.1667,76.56
LAUNCHING PLACE (DON VALLEY),-37.7500,145.6000,83.78
LILYDALE,-37.7561,145.3592,73.7
LOCH,-38.3667,145.7333,87.89
VIEWBANK,-37.7408,145.0972,58.15
MALVERN (YANKO),-37.8333,145.0833,61.82
MAROONDAH WEIR (MELBOURNE WATER),-37.6390,145.5497,95.52
MELBOURNE REGIONAL OFFICE,-37.8075,144.9700,53.76
MONBULK (SPRING ROAD),-37.8808,145.4231,98.18
MICKLEHAM,-37.5547,144.8788,51.96
MITCHAM,-37.8219,145.1906,70.33
MONBULK,-37.9000,145.4000,99.74
MONTROSE,-37.8021,145.3679,84.88
MOORABBIN AIRPORT,-37.9800,145.0962,58.6
MORDIALLOC WOODLANDS GOLF CLUB,-38.0000,145.1000,54.66
MORNINGTON,-38.2358,145.0667,60.67
MOUNT BURNETT,-37.9833,145.5167,96.58
MOUNT DANDENONG,-37.8167,145.3333,121.53
MOUNT ELIZA,-38.2000,145.1000,57.98
MURRUMBEENA LEEDS GROVE,-37.9000,145.1000,62.01
NAR NAR GOON NORTH,-38.0000,145.5000,76.16
NARRE WARREN NORTH (NARRE WARREN NORTH,-37.9886,145.3319,76.04
NARRE WARREN (BRECHIN),-38.0333,145.3000,66.85
NEEDLES EYE (VENTNOR),-38.4831,145.2100,66.95
OAKLEIGH (METROPOLITAN GOLF CLUB),-37.9142,145.0935,61.05
OLINDA,-37.8500,145.3000,108.42
WARBURTON (O'SHANNASSY RESERVOIR (QUARTE,-37.7089,145.7855,111.98
PASCOE VALE,-37.7333,144.9333,53.74
POOWONG (POST OFFICE),-38.3425,145.7653,92.87
PORTSEA,-38.2167,144.7000,60.09
POWELLTOWN DNRE,-37.8615,145.7443,120.52
PRAHRAN (COMO HOUSE),-37.8376,145.0048,53.89
PRESTON RESERVOIR,-37.7214,145.0059,55.01
PORTSEA QUARANTINE STATION,-38.3167,144.6667,56.12
RED HILL SOUTH,-38.3686,145.0303,83.85
RED HILL SOUTH,-38.3833,145.0000,93.2
BURNLEY RICHMOND PARK,-37.8000,145.0000,55.81
RINGWOOD,-37.8000,145.2500,73.44
SAN REMO,-38.5333,145.3833,64.91
SASSAFRAS POST OFFICE,-37.8000,145.3500,114.74
SCORESBY RESEARCH INSTITUTE,-37.8710,145.2561,71.41
SHOREHAM,-38.4279,145.0413,74.38
SILVAN,-37.8325,145.4370,99.34
SILVAN STATE SCHOOL,-37.8000,145.4000,92.58
SOMERTON,-37.6500,144.9000,53.83
SORRENTO STATE SCHOOL,-38.3000,144.7000,56.79
MORANG SOUTH,-37.6667,145.0833,57.79
SPRINGVALE NECROPOLIS,-37.9445,145.1764,68.37
WARBURTON EAST (STARVATION CREEK),-37.7167,145.8167,130.87
SOMERVILLE,-38.2333,145.1833,64.47
THE PATCH,-37.9000,145.4167,105.29
TOORAK,-37.8000,145.0000,60.0
TOORADIN,-38.1667,145.4000,71.69
TOOROURRONG RESERVOIR (TOOROURRONG),-37.4770,145.1513,65.6
UPWEY,-37.9000,145.3000,81.77
VENTNOR (OAKLANDS),-38.4836,145.1766,64.86
WALLAN (WALNARRING),-37.4167,145.0167,55.83
WARBURTON,-37.7517,145.6757,110.81
WATSONIA LOYOLA,-37.7000,145.0833,61.68
WESTERFIELD (FRANKSTON),-38.1500,145.1000,67.84
TYABB (WILLANDRA),-38.2833,145.1333,66.25
WHITTLESEA,-37.5050,145.1247,57.81
WONGA PARK,-37.7000,145.3000,64.39
WONTHAGGI,-38.6078,145.5965,77.9
WOODSTOCK,-37.5500,145.0333,61.68
WOORI YALLOCK,-37.8000,145.5167,77.9
YANNATHAN,-38.2333,145.7000,72.55
YAN YEAN,-37.5552,145.1259,54.96
YARRA RIVER (YARRA GLEN),-37.6647,145.3761,63.78
YARRAMBAT,-37.6000,145.1500,63.23
VERVALE,-38.1500,145.7000,74.52
GARFIELD NORTH,-38.0333,145.6667,92.58
GARFIELD (CANNIBAL CREEK STATION),-38.0667,145.6667,84.74
BLACKBURN,-37.8000,145.2000,67.96
GREENSBOROUGH,-37.7000,145.1000,57.22
KALLISTA (SAVERNAKE),-37.8833,145.3500,115.08
TOMAHAWK VALLEY,-37.9500,145.6167,126.4
BURWOOD PLC,-37.8333,145.0833,67.01
TOOLANGI (MOUNT ST LEONARD DPI),-37.5720,145.5014,110.97
CLEMATIS,-37.9289,145.4272,81.09
CALDERMEADE,-38.2333,145.5500,66.61
BEAUMARIS,-37.9771,145.0273,57.12
ASPENDALE CSIRO,-38.0333,145.1000,58.56
WANDIN (YALLOCK),-37.8000,145.4500,83.99
WALLAN WALLAN (INVERLOCHY),-37.4000,145.0000,55.67
ARTHURS CREEK,-37.6000,145.2000,62.59
BASS (KILCUNDA),-38.5000,145.4500,77.17
BAYSWATER,-37.8000,145.2000,73.89
BEACONSFIELD (LOUISVILLE),-38.0000,145.3500,83.51
BEENAK (HAZELDENE),-37.8833,145.6167,112.95
CAMBERWELL 1,-37.8333,145.1000,58.65
CAMBERWELL 2,-37.8333,145.1000,58.62
BERWICK EYRE COURT,-38.0000,145.3000,68.54
BOX HILL WOODHOUSE GROVE,-37.8000,145.1000,66.64
BRIGHTON PICNIC POINT,-37.9500,145.0000,59.6
BRIGHTON BEACH,-37.9333,145.0000,49.94
BRIGHTON MIDDLE,-37.9167,145.0000,55.06
BULLA,-37.6000,144.8000,48.8
BUNYIP (MAROOMBA),-38.1000,145.7000,66.58
BURWOOD EAST 1,-37.8500,145.2000,52.54
CANTERBURY STATE SCHOOL,-37.8000,145.0500,62.42
CHELTENHAM,-38.0000,145.1000,59.11
COTTLES BRIDGE HIGHBURY FARM,-37.6000,145.2000,57.43
DALYSTON,-38.6000,145.5000,79.36
DANDENONG (COMBEROOND),-37.8500,145.2667,65.33
ENOCHS POINT,-37.4000,145.0000,127.19
FERNTREE GULLY,-37.8000,145.3000,79.26
FERNTREE GULLY UPPER,-37.9000,145.3000,91.08
FRANKSTON STATE PLANTATION,-38.1500,145.1333,62.34
YARRA JUNCTION (GILDEROY),-37.9000,145.7000,114.39
GLEN ALVIE,-38.5000,145.6000,94.3
GRANTVILLE,-38.4000,145.5000,69.69
GREENVALE SANATORIUM,-37.6500,144.8500,49.3
HEALESVILLE (NYORA),-37.7000,145.5000,106.88
HEALESVILLE (MURUGAL),-37.6500,145.5000,74.05
HEALESVILLE (THE WATTLES),-37.6500,145.5000,80.31
HEATH HILL (LANGVIEW),-38.2500,145.7000,74.45
LILYDALE MAIN ST. (MAFFRA),-37.7500,145.3500,62.3
LILYDALE OLINDA PARK,-37.7500,145.3500,69.79
LYNDHURST,-38.0500,145.2500,56.45
LYSTERFIELD (SWEET HILLS),-37.9167,145.2833,74.19
LYSTERFIELD (BOLEIO),-37.9167,145.2833,65.81
MAIN RIDGE,-38.3500,144.9000,80.82
MALVERN EAST YALLAMBEE,-37.8333,145.0833,53.43
MENTONE,-38.0000,145.0833,58.49
MONT ALBERT,-37.8000,145.1000,66.22
NARRE WARREN,-38.0000,145.3000,65.19
NEWHAVEN,-38.5000,145.4000,67.38
OUTTRIM,-38.4949,145.7809,82.5
PAKENHAM (TOOMUC VALLEY),-38.0000,145.5000,84.26
PAKENHAM UPPER,-38.0500,145.3667,77.01
PANTON HILL (FAIRVIEW),-37.6000,145.3000,66.75
PORTSEA GOLF CLUB,-38.3000,144.7000,51.49
SOMERS (BALNARRING EAST),-38.4000,145.2000,65.21
SHERBROOKE,-37.9000,145.3500,104.75
TOOLANGI (MOUNT SALE STN),-37.5333,145.4500,116.27
TYNONG,-38.1000,145.6000,72.13
WALSH'S CREEK STATION,-37.7000,145.9000,90.99
WARBURTON (FERNLEIGH),-37.7500,145.7000,102.54
WARRANDYTE (RIVERS WOOD),-37.7000,145.2000,67.24
WHITTLESEA (EDEN PARK),-37.5000,145.1167,56.67
YARRA JUNCTION,-37.8000,145.6000,97.96
MILLGROVE,-37.7500,145.6000,106.2
PAKENHAM PARK,-38.0833,145.3667,68.27
BONBEACH (CARRUM (PATTERSON RIVER COUNTR,-38.0651,145.1294,58.4
ALMURTA,-38.4000,145.6000,84.05
MODELLA (TULLAH),-38.2000,145.7000,79.36
ROSEBUD (COUNTRY CLUB),-38.3782,144.8984,64.85
CANTERBURY (BATINA),-37.8000,145.0500,76.38
DIAMOND CREEK,-37.6833,145.1333,61.47
MOUNT ELIZA (TA MARUA),-38.1833,145.1167,72.66
HAMPTON,-37.9333,145.0000,64.37
COLDSTREAM,-37.7167,145.3667,80.2
CORANDERRK BADGER WEIR,-37.6886,145.5644,91.28
SHERBROOKE BURNAM BEECHES,-37.8833,145.3500,114.94
SYNDAL CSIRO,-37.8833,145.1500,64.51
DROMANA SUSSEX FARM,-38.3392,145.0288,71.74
DANDENONG,-37.9764,145.2247,65.64
CARNEGIE,-38.1167,145.0667,62.32
MOUNT MARTHA,-38.2667,145.0167,60.17
WANDIN NORTH,-37.7833,145.4333,78.32
KILSYTH (TUKAMUNDA),-37.8167,145.3333,73.42
HEALESVILLE (VALLEY VIEW FARM),-37.7365,145.5287,76.72
BAYSWATER,-37.8372,145.2558,75.35
RINGWOOD 2,-37.8000,145.3000,71.47
MELBOURNE BOTANICAL GARDENS,-37.8309,144.9839,53.64
POLEY RANGE,-37.6233,145.7983,131.63
CROYDON (DORSET GOLF COURSE),-37.8054,145.2987,74.5
BORONIA 2,-37.8000,145.4000,79.17
FRANKSTON,-38.1500,145.1333,63.5
FRANKSTON (KARINGAL),-38.1333,145.1500,69.65
BASS,-38.4832,145.4666,66.83
FRENCH ISLAND (TANKERTON),-38.4000,145.3000,66.38
FRENCH ISLAND (MCLEOD PRISON),-38.4000,145.3000,71.15
TEMPLESTOWE PASSIONATE FATHERS,-37.7667,145.1500,40.35
MENZIES CREEK,-37.9167,145.4167,90.45
MOUNT DANDENONG GTV9,-37.8306,145.3500,97.96
CRANBOURNE SOUTH,-38.1337,145.2384,62.42
CARRUM DOWNS,-38.1167,145.1797,60.94
MOOROODUC,-38.2483,145.1036,64.91
GEMBROOK,-37.9489,145.5358,95.26
GLADYSDALE (HAZELDENE),-37.8667,145.6667,86.11
GLEN ALVIE (GRANTS),-38.5333,145.6333,77.23
PLENTY,-37.6600,145.1244,59.52
UPWEY SHIRE COUNCIL,-37.9144,145.3317,84.46
OLINDA LAUREL COURT,-37.8800,145.4206,112.87
WARNEET ST LOUIS,-38.2167,145.3167,67.24
CARRUM DOWNS SEWER WORKS,-38.0783,145.1733,58.04
KILCUNDA WEATHERALL,-38.5500,145.4833,78.55
FERNY CREEK,-37.8833,145.3333,104.87
VERMONT SOUTH,-37.8500,145.2000,74.22
BELGRAVE,-37.9167,145.3500,88.79
WARRANDYTE DINGLEY DELL ROAD,-37.7333,145.2333,56.78
HEIDELBERG MMBW,-37.7567,145.0533,63.1
BEACONSFIELD UPPER,-37.9822,145.4196,83.99
WALLAN (KIA ORA),-37.4167,144.9667,67.81
MORDIALLOC NORTH,-38.0000,145.1000,64.46
MAIN RIDGE,-38.4059,144.9520,78.07
HASTINGS,-38.2894,145.1893,64.84
FERNY CREEK,-37.8748,145.3497,110.76
ATHLONE MCDONALDS,-38.2333,145.7833,83.61
PAKENHAM LANDS DEPT,-38.0667,145.4667,68.53
MOUNT MARTHA SR&WSC,-38.2767,145.0117,66.19
SASSAFRAS (THE CRESCENT),-37.8667,145.3500,104.09
REEFTON (UPPER YARRA DAM),-37.6715,145.8948,87.69
DONNYBROOK,-37.5000,145.0000,42.8
LAUNCHING PLACE,-37.7833,145.6000,89.79
YERING,-37.7000,145.3833,65.37
HODDLES CREEK STATE SCHOOL,-37.8000,145.5000,114.72
ASHBURTON,-37.8667,145.0833,64.78
WARBURTON EAST,-37.7500,145.7333,115.57
PAKENHAM EAST,-38.0833,145.4833,63.61
NORTHCOTE,-37.7797,145.0314,58.59
KINGLAKE GARAGE,-37.5333,145.3333,91.21
NYORA (POST OFFICE),-38.3343,145.6696,84.91
MELBOURNE AIRPORT,-37.6654,144.8322,44.88
PAKENHAM UPPER (TAYLOR),-38.0000,145.5333,85.3
LYSTERFIELD (ALBION REID),-37.9333,145.2500,70.54
YARRA JUNCTION WATERWORKS,-37.8000,145.6667,100.71
GLENROY (EVELL STREET),-37.6833,144.9333,57.46
HURSTBRIDGE (NORALA),-37.6500,145.2167,66.44
ST ANDREWS,-37.5833,145.3000,72.88
YARRA PORTAL,-37.7333,146.0500,114.6
MONTYS HUT,-37.6667,146.0667,120.7
MOUNT GREGORY,-37.7000,146.1333,120.55
BANGHOLME,-38.0500,145.1833,64.9
BUNYIP (IONA),-38.1333,145.6833,55.02
MALVERN CAMPSIE,-37.8333,145.0833,64.59
MOUNT EVELYN (ST ANNES),-37.8000,145.4000,91.3
SANDRINGHAM,-37.9500,145.0000,32.32
MOUNT WAVERLEY (RIVERSDALE GOLF CLUB),-37.8722,145.1160,62.08
MOOROOLBARK,-37.7833,145.3167,78.07
BERWICK (BUCHANAN ROAD),-38.0222,145.3561,75.52
BOX HILL MMBW,-37.8167,145.1333,53.47
QUEENSTOWN,-37.5333,145.3000,74.25
WANTIRNA SOUTH,-37.8667,145.2167,91.82
GLEN WAVERLEY (GOLF COURSE),-37.8871,145.1936,69.24
HAWTHORN (SCOTCH COLLEGE),-37.8363,145.0301,54.61
GREENVALE RESERVOIR,-37.6369,144.9073,48.83
STONY POINT,-38.3833,145.2167,59.35
ABBOTSFORD,-37.8000,145.0000,27.96
WARRANDYTE,-37.7469,145.2098,65.06
KOO WEE RUP,-38.1992,145.4933,64.41
VERMONT TRANSPORT RESEARCH,-37.8585,145.1846,67.52
SANDRINGHAM 2,-37.9500,145.0167,56.9
GRANTVILLE 2,-38.4167,145.5333,77.42
DOREEN,-37.6167,145.1500,53.99
DANDENONG (HINEMOA),-37.9833,145.2500,69.36
FERNTREE GULLY (PROBERT),-37.8797,145.2964,75.71
YERING SCHOOL,-37.6833,145.3667,68.43
YERING ST HUBERTS,-37.7000,145.4000,71.92
MCMAHONS CREEK (REEFTON),-37.6667,145.9167,86.0
BENA (CROMWELL),-38.4333,145.7167,100.61
GREENVALE STATE SCHOOL,-37.6167,144.8833,49.02
BOX HILL SHIRE,-37.8167,145.1333,65.84
ESSENDON 2,-37.7333,144.9167,61.13
THORNBURY,-37.7500,145.0000,74.57
WARBURTON (O'SHANNASSY RESERVOIR (WALL)),-37.6753,145.8061,104.2
RYE,-38.3833,144.8333,53.72
CORINELLA (TENBY),-38.4000,145.5000,66.06
MELBOURNE (OLYMPIC PARK),-37.8255,144.9816,48.57
CORINELLA,-38.4272,145.4364,61.62
BLACKBURN,-37.8167,145.1500,69.66
DONCASTER,-37.7833,145.1167,36.27
EZARDS OLD MILL SITE,-37.7633,145.8917,137.52
BUNDOORA,-37.7000,145.0667,70.36
SOUTH CHANNEL ISLAND,-38.3065,144.8016,30.99
KONGWAK,-38.5167,145.7167,80.45
NANGANA (TYERS),-37.8833,145.5333,84.05
YARRA RIVER @ WARRANDYTE,-37.7417,145.2167,46.02
MULGRAVE,-37.9167,145.1833,112.7
CAPE SCHANCK (KELLY),-38.4833,144.9000,59.71
WALLAN,-37.4187,144.9770,55.79
BUNDOORA (LATROBE UNIVERSITY),-37.7163,145.0453,53.9
PHILLIP ISLAND PENGUIN RESERVE,-38.5058,145.1503,60.8
PLENTY (DAPRANO),-37.6667,145.1333,53.47
FLINDERS,-38.4693,145.0133,68.63
DEVILBEND RESERVOIR,-38.2765,145.0998,69.43
GLADYSDALE (LITTLE FEET FARM),-37.8588,145.6529,104.83
MONBULK (BULB FARM),-37.8632,145.4206,100.53
WARBURTON EAST (ARRABRI),-37.7409,145.7388,111.94
CERBERUS,-38.3646,145.1785,57.93
DONCASTER (MANNINGHAM DEPOT),-37.7508,145.1717,59.0
TARRAWARRA,-37.6563,145.4762,62.37
TARRAWARRA MONASTERY,-37.6594,145.4457,67.35
MOOROOLBARK,-37.7792,145.3197,73.51
FERNSHAW,-37.6126,145.5997,104.05
SEVILLE,-37.8027,145.4937,78.41
DALMORE,-38.1800,145.4317,76.02
SPRINGVALE (SANDOWN),-37.9535,145.1655,60.56
KINGLAKE WEST,-37.4500,145.3167,62.49
FERNY CREEK (DUNNS HILL),-37.8775,145.3364,88.43
RHYLL,-38.4612,145.3101,58.24
KINGLAKE WEST,-37.4652,145.2637,89.34
CRANBOURNE BOTANIC GARDENS,-38.1348,145.2636,67.97
UPPER PLENTY,-37.4225,145.0752,62.08
BRUNSWICK,-37.7667,144.9797,57.99
RINGWOOD NORTH,-37.7920,145.2450,69.51
YARRA JUNCTION,-37.7839,145.6317,95.84
COLDSTREAM,-37.7239,145.4092,62.68
MELBOURNE AIRPORT COMPARISON,-37.6750,144.8419,50.01
HEALESVILLE (MOUNT YULE),-37.6518,145.5069,75.63
MERRICKS STONIER'S WINERY,-38.3898,145.0864,68.38
FRANKSTON (BALLAM PARK),-38.1517,145.1615,60.99
CAPE SCHANCK,-38.4617,144.9019,62.8
PAKENHAM,-38.0825,145.5075,65.95
ST. ANDREWS (HILDERBRAND ROAD),-37.5831,145.2633,56.69
ANAKIE,-37.8802,144.2623,51.68
ANGLESEA,-38.4056,144.1958,54.58
BACCHUS MARSH,-37.7000,144.4000,41.92
BALLIANG EAST (CHESNEY),-37.8000,144.4000,40.36
BACCHUS MARSH (SPRINGBANK),-37.6000,144.4667,52.49
BALLAN (FISKVILLE),-37.6000,144.2000,47.46
BALLAN,-37.6018,144.2295,59.83
MORRISONS (BALLARK),-37.7430,144.1406,53.78
BALLIANG EAST,-37.8076,144.4370,38.17
BANNOCKBURN,-38.0213,144.1608,42.64
BARWON HEADS (JIRRAHLINGA),-38.2661,144.4803,51.56
BEALES RESERVOIR,-37.5417,144.0251,73.24
BELMONT,-38.1731,144.3375,49.25
BENLOCH,-37.3000,144.7000,72.8
BUNGAREE (KIRKS RESERVOIR),-37.5512,143.9322,70.48
KEILOR,-37.7025,144.8072,41.93
MOORABOOL RIVER AT MORRISONS,-37.7654,144.1048,38.62
BLACKWOOD,-37.4677,144.3075,81.04
BOLINDA,-37.4500,144.7500,54.52
COBAW (MEADOW PARK),-37.3000,144.6000,65.86
DEER PARK,-37.7667,144.7833,42.41
DURDIDWARRAH,-37.8233,144.2078,56.03
FOOTSCRAY,-37.8167,144.8833,53.9
GEELONG SALINES (MOOLAP),-38.1587,144.3954,44.1
GEELONG GOLF CLUB,-38.1269,144.3422,46.11
GEELONG SEC,-38.1167,144.3667,44.79
GISBORNE,-37.4896,144.6123,61.42
KEILOR (ARUNDEL),-37.6942,144.8342,46.04
LAL LAL,-37.7000,144.0000,62.11
LANCEFIELD,-37.2698,144.7230,59.48
LARA LAKE,-38.0000,144.4000,39.93
LAVERTON RAAF,-37.8565,144.7565,44.52
LAVERTON SALINES,-37.9000,144.7500,45.36
LITTLE RIVER,-37.9910,144.4943,40.06
LOVELY BANKS (RESERVOIR),-38.0657,144.3281,42.94
MOUNT MACEDON (BURNCRANNA),-37.4000,144.6000,78.28
MACEDON FORESTRY,-37.4155,144.5569,68.33
MOUNT MACEDON,-37.4000,144.5833,72.62
MARIBYRNONG EXPLOSIVES FACTORY,-37.7750,144.8767,46.21
MELTON,-37.6649,144.5749,40.03
MELTON RESERVOIR,-37.7451,144.5687,39.77
MELTON SOUTH,-37.7000,144.5000,35.99
MEREDITH,-37.8344,144.0635,56.59
MEREDITH (DARRA),-37.8197,144.1492,55.56
MEREDITH (WATTLE VALE),-37.8667,143.9667,51.47
MOORABOOL RESERVOIR,-37.5151,144.0827,77.75
SCOTSBURN (MOUNT BONINYONG),-37.6719,143.9400,64.64
MOUNT MORIAC,-38.2000,144.2000,45.01
LITTLE RIVER (MOUNT ROTHWELL),-37.8958,144.4387,39.28
MOUNT TOWRONG,-37.3833,144.6167,92.14
MOUNT WALLACE,-37.7500,144.2000,50.92
MYRNIONG,-37.6500,144.3500,49.99
OAKLANDS JUNCTION,-37.6000,144.8500,50.6
PORTARLINGTON,-38.1227,144.6420,50.45
QUEENSCLIFF,-38.2714,144.6621,50.14
RIDDELLS CREEK,-37.4500,144.7833,55.57
ROCKBANK,-37.7000,144.6000,34.26
ROMSEY,-37.3500,144.7500,62.61
ST ALBANS,-37.7500,144.8000,43.14
SHELFORD,-38.0131,143.9760,44.85
SPARGO CREEK,-37.4833,144.1500,79.99
SUNBURY (LACHLAN COURT),-37.5719,144.7401,49.32
SYDENHAM,-37.7000,144.7667,48.33
TOOLERN VALE,-37.0000,144.0000,50.55
WAURN PONDS,-38.2000,144.3000,46.37
WERRIBEE RESEARCH FARM,-37.9000,144.6833,45.5
WERRIBEE POST OFFICE,-37.9000,144.6667,43.01
WILSONS RESERVOIR,-37.5144,144.0177,71.98
MOORABOOL RIVER AT LAL LAL,-37.6450,144.0411,43.35
WINCHELSEA (KILDEAN),-38.3000,144.0000,53.1
ROSLEY (GLENMORE),-37.7500,144.4000,42.8
ANTHONYS CUTTING,-37.6833,144.5000,42.6
BULLA (GLEN LOMAN),-37.6333,144.8000,49.52
ELAINE (LARUNDEL),-37.8000,143.9500,57.81
MORIAC,-38.2333,144.2000,50.51
BULLENGAROOK EAST,-37.4827,144.5094,64.81
CERES,-38.2000,144.3000,45.82
BARKSTEAD,-37.5000,144.1000,72.7
BLACKWOOD (GREEN HILL),-37.5000,144.3000,56.26
BULLENGAROOK,-37.5000,144.5000,63.26
GEELONG (POINT HENRY),-38.1333,144.4167,28.38
LANCEFIELD (DEEP CREEK STATION),-37.3000,144.7000,59.38
DRYSDALE,-38.2000,144.5500,52.65
BELLARINE EAST,-38.1500,144.3000,55.0
FENWICK,-38.3000,144.5000,52.35
GORDON,-37.5500,144.1000,67.28
LAVERTON EXPLOSIVES,-37.8833,144.7167,45.45
LITTLE RIVER (GREENMEADOWS),-38.0000,144.6000,38.45
MARSHALL,-38.2000,144.4000,44.06
MOUNT COTTRELL 1,-37.8000,144.6000,38.11
STONEHAVEN,-38.1000,144.2500,43.95
SYDENHAM (DUNMURRY PARK),-37.7000,144.8000,36.67
TEESDALE,-38.0000,144.0000,43.18
TORQUAY,-38.3333,144.3167,50.61
WERRIBEE (WYNDHAM),-37.8833,144.6500,42.45
PYKES CREEK RESERVOIR,-37.6111,144.3000,53.71
LARA SALINES,-38.0833,144.4333,42.43
PARWAN,-37.7000,144.3167,46.82
TOOLERN VALE (ROSEBANK),-37.6167,144.5500,49.49
GISBORNE (HILLTOP),-37.5667,144.5500,65.48
COUANGALT,-37.6167,144.5333,71.82
BACCHUS MARSH,-37.6667,144.4333,41.38
WERRIBEE CORPUS CHRISTI,-37.9000,144.6667,39.24
WERRIBEE CATTLE YARDS,-37.9767,144.6317,44.04
WERRIBEE SEWERAGE FARM,-37.9500,144.6167,42.04
POINT COOK RAAF (DUNNINGS RD),-37.8833,144.7333,44.88
POINT COOK RAAF ACADEMY,-37.9333,144.7500,44.98
WERRIBEE SOUTH,-37.9500,144.7167,48.96
AVALON AIRPORT,-38.0288,144.4783,37.77
DRYSDALE (BRIMDALE),-38.1660,144.5870,53.93
GORDON (FINLAYSON),-37.5756,144.0953,63.16
LETHBRIDGE (MOUNTJOY),-37.9833,144.2333,45.53
GEELONG (NORLANE),-38.0850,144.3356,46.21
HESKET (STRAWS LANE),-37.3508,144.6067,73.8
WENSLEYDALE (ANGLESEA (VEHICLE PROVING G,-38.3687,144.0843,65.06
TEESDALE,-38.0333,144.0500,50.14
ROCKBANK (MELTON),-37.6831,144.6664,41.96
LETHBRIDGE (GLENMOOR),-37.9479,144.1567,47.35
BUCKLEY (BALLIWINDI),-38.2504,144.0854,49.5
MOORABOOL AREA (COONIL),-38.0000,144.2650,46.41
WURDIBOLUC RESERVOIR,-38.2823,144.0518,52.9
WERRIBEE RESEARCH FARM 2,-37.9167,144.7167,69.98
GREENDALE,-37.5500,144.3000,56.42
ROMSEY,-37.3495,144.7494,59.98
ALTONA (CITY OFFICES OPERATIONS CENTRE),-37.8634,144.8262,45.24
GEELONG NORTH,-38.1164,144.3667,44.88
MORRISONS (MOREEP),-37.8000,144.1833,52.93
BARWON HEADS GOLF CLUB,-38.2830,144.4784,45.82
DIGGERS REST,-37.6333,144.7333,48.26
POOTILLA,-37.6667,144.0667,76.49
WARRENHEIP,-37.5667,143.9500,48.41
OCEAN GROVE,-38.2500,144.5167,49.37
BLUE MOUNT,-37.4167,144.3500,65.29
RIDDELLS CREEK,-37.4625,144.6731,52.65
PARAPARAP (WHINBONG HILL),-38.3167,144.1667,53.87
MACEDON UPPER (CHENISTON),-37.4000,144.6167,90.82
MACEDON UPPER STATE PLANTATION,-37.4000,144.6333,78.14
WILLIAMSTOWN BOWLING CLUB,-37.8500,144.9000,53.05
ROCKBANK SINCLAIR RD,-37.7333,144.7167,42.58
BANNOCKBURN (HILLSIDE),-38.0428,144.2129,45.39
SUNSHINE (CITY OF BRINBANK),-37.7928,144.8344,49.44
LANCEFIELD (SPRINGRIDGE),-37.2500,144.7500,70.04
WERRIBEE (RACECOURSE),-37.9043,144.6427,44.9
DEAN,-37.4667,143.9833,77.63
GEELONG GORDON INSTITUTE,-38.1667,144.2667,43.86
WALLINGTON (SUNNYSIDE),-38.2167,144.5167,48.56
COIMADI,-37.5833,144.4500,48.23
BLACKWOOD (ARMSTRONG),-37.4667,144.3167,72.62
TORQUAY GOLF CLUB,-38.3404,144.3102,44.57
MERRIMU RESERVOIR,-37.6292,144.5026,42.11
GNARWARRE (BARWON RIVER AT POLLOCKSFORD),-38.1435,144.1872,34.8
GROVEDALE (GEELONG AIRPORT),-38.2241,144.3345,41.47
RIPLEY,-37.8483,144.3875,46.21
SHE OAKS,-37.9075,144.1303,41.63
BACCHUS MARSH (GOLF CLUB),-37.6372,144.4296,46.06
BUNINYONG,-37.6539,143.8856,62.89
BULLENGAROOK SOUTH,-37.5223,144.4779,61.27
ST. LEONARDS (LOWFIELDS),-38.1786,144.6714,52.03
LANCEFIELD (WINERY),-37.2940,144.7066,55.36
MOUNT GISBORNE,-37.5028,144.5877,56.59
NEWHAM (COBAW),-37.2732,144.5974,58.95
BURNSIDE,-37.7569,144.7511,40.12
OCEAN GROVE,-38.2504,144.5104,47.0
CLIFTON SPRINGS,-38.1594,144.5556,45.76
GISBORNE (ROSSLYNNE RESERVOIR),-37.4772,144.5668,62.0
BULLENGAROOK (NORTH WEST),-37.4729,144.4706,83.5
BREAKWATER (GEELONG RACECOURSE),-38.1737,144.3765,42.45
POINT COOK RAAF,-37.9273,144.7566,39.9
BALLAN (OLD MELBOURNE ROAD),-37.5945,144.1875,59.7
ALEXANDRA (ACHERON),-37.2514,145.7178,63.47
ALEXANDRA (POST OFFICE),-37.1916,145.7116,58.48
AVENEL (POST OFFICE),-36.8930,145.2316,49.59
BARFOLD,-37.1000,144.5000,44.21
BARKERS CREEK RESERVOIR,-36.9667,144.2667,51.36
BENDIGO CHANNEL,-37.1000,144.3500,57.84
BETLEY STATE SCHOOL,-36.9000,143.8000,36.1
BONNIE DOON GARAGE,-37.0270,145.8516,59.09
BROADFORD,-37.2430,145.0522,51.51
CAIRN CURRAN RESERVOIR,-36.9886,143.9747,40.44
WILLOWMAVIN (AVALON STATION),-37.2531,144.8614,56.76
CAMPBELLTOWN,-37.2236,143.9616,49.55
CAMPASPE UPPER,-37.4000,144.4500,79.9
CARISBROOK,-37.0446,143.8224,40.68
CASTLEMAINE POST OFFICE,-37.1000,144.2000,46.87
CLUNES,-37.3049,143.7776,48.11
SMEATON WEIR,-37.4000,143.9000,51.31
COLIBAN UPPER,-37.2814,144.3958,64.12
CRESWICK,-37.4000,143.9000,59.74
CRESWICK,-37.4200,143.8924,61.92
DAYLESFORD,-37.3431,144.1574,73.41
EBERYS,-37.1995,144.0141,47.43
EDDINGTON,-36.8883,143.8614,39.23
LAKE EILDON,-37.2313,145.9124,71.27
EXPEDITION PASS RESERVOIR,-37.0500,144.3000,50.74
FORT WILLIAM,-37.0917,145.4708,73.34
FRYERSTOWN,-37.1000,144.2500,49.98
GLENAROUA,-37.1000,145.0000,49.72
GLENBURN,-37.3811,145.4719,69.02
HEATHCOTE,-36.9589,144.7010,47.61
HEATHCOTE JUNCTION,-37.4000,145.0333,62.65
HIGHLANDS (GLENTANNAR),-37.0673,145.4077,70.9
JOYCES CREEK,-37.0855,143.9977,42.01
BROADFORD GOLF COURSE,-37.2169,145.0448,52.44
KILMORE ASSUMPTION COLLEGE,-37.3011,144.9475,60.63
KINGSTON,-37.3500,144.0000,62.57
KYNETON POST OFFICE,-37.2500,144.4500,62.66
LAURISTON RESERVOIR,-37.2535,144.3825,64.24
LEXTON,-37.2744,143.5156,48.89
LEXTON (BURRIBRI STATION),-37.2000,143.5000,39.65
LYONVILLE,-37.4000,144.2500,90.94
MALDON (DERBY HILL),-36.9989,144.0703,49.29
MALMSBURY RESERVOIR,-37.1953,144.3742,60.46
MARYBOROUGH,-37.0560,143.7320,43.71
MARYSVILLE (POST OFFICE),-37.5100,145.7472,110.56
MOLESWORTH,-37.1667,145.5500,56.59
MURRINDINDI,-37.3197,145.4969,68.68
NEEREMAN,-36.9000,144.0000,41.39
NEWSTEAD,-37.1051,144.0638,44.83
PUCKAPUNYAL,-37.0000,145.0000,48.71
PYALONG WEST (CAVAN PARK),-37.1095,144.8392,55.45
REDESDALE,-37.0194,144.5203,47.17
TULLAROOP RESERVOIR,-37.0905,143.8639,40.16
SEYMOUR SHIRE DEPOT,-37.0277,145.1491,49.37
SHEPHERDS FLAT,-37.2734,144.1099,60.71
TAGGERTY,-37.4000,145.7000,87.27
TALBOT (POST OFFICE),-37.1698,143.6877,44.94
TERIP TERIP,-37.0000,145.5500,62.42
TRAWOOL (BOONGARRY),-37.1000,145.2000,55.83
TRENTHAM,-37.3718,144.3137,85.8
KINGLAKE WEST (WALLABY CREEK),-37.4475,145.2143,98.6
WOODEND,-37.3578,144.5390,67.06
WOODEND (CORINELLA ROAD),-37.3500,144.5167,68.58
WOODEND (MEADOWBROK),-37.3000,144.5000,66.31
MOLLISONS CK AT PYALONG,-37.1225,144.8561,49.11
YANDOIT (SPRING VALE),-37.2000,144.1000,52.22
YANDOIT,-37.2087,144.1046,52.3
YEA,-37.2164,145.4301,52.84
RUBICON SEC,-37.3389,145.8547,135.78
CASTELLA (WEEAMARA),-37.5144,145.4108,95.2
FLOWERDALE (THE WILLOWS),-37.3000,145.2500,67.0
BULLARTO SOUTH,-37.4181,144.2133,65.2
MUSK,-37.3667,144.1833,84.8
BAYNTON,-37.1277,144.6924,57.49
KANUMBRA,-37.0500,145.6667,55.74
CAMPBELLS CREEK,-37.1000,144.2167,49.71
PIPERS CREEK,-37.2500,144.5667,68.2
FLOWERDALE 1,-37.1833,145.1667,90.48
SEYMOUR (AIRLIE),-37.0000,145.1000,48.53
ALLENDALE POST OFFICE,-37.4000,143.9000,54.07
BAYNTON (MONTVIEW),-37.1167,144.6000,63.1
BROADFORD (GLENBURNIE STATION),-37.1833,145.0667,51.33
BUXTON,-37.4000,145.7000,81.67
KILMORE (BYLANDS),-37.3000,145.0000,62.79
CASTLEMAINE,-37.0667,144.2333,48.48
DAYLESFORD (WOMBAT HILL GROUNDS),-37.3500,144.1500,70.27
MOUNT FRANKLIN DRY DIGGING,-37.3000,144.1500,66.01
GLENLYON,-37.3000,144.2500,72.32
GRAYTON,-36.8667,144.9000,44.35
GUILDFORD LIMESTONE PARK,-37.2000,144.1000,44.4
HANGING ROCK,-37.3500,144.5167,77.09
KANUMBRA (MERTON),-37.0500,145.7000,58.06
KERRISDALE (TERANGAVILLE STATION),-37.1500,145.3000,54.8
LANGLEY,-37.1500,144.5000,57.94
MAINTONGOON,-37.2000,145.9000,68.82
METCALFE,-37.1000,144.4000,52.47
MIA MIA,-37.0000,144.6000,50.7
MIA MIA (SPRING PLAINS),-37.0833,144.5833,42.64
MOLESWORTH (WHANREGARWAN),-37.2000,145.6000,54.1
MOUNT MITCHELL,-37.3000,143.6000,50.56
NEWLYN RESERVOIR,-37.4000,144.0000,60.72
REEDY CREEK,-37.2000,145.1000,61.79
MARYSVILLE GOLF COURSE,-37.4958,145.7475,90.51
TALBOT,-37.2000,143.7000,45.49
TARADALE,-37.0167,144.0667,60.08
TARRANGOWER,-37.0000,144.0000,41.85
KILMORE RACECOURSE,-37.2940,144.9605,48.08
VAUGHAN,-37.1566,144.2079,51.47
MANGALORE AIRPORT,-36.8886,145.1859,47.18
CASTLEMAINE PRISON,-37.0809,144.2391,50.17
MALMSBURY,-37.2000,144.4000,65.04
MERTON WEIR FARM,-36.9833,145.7167,63.66
SMEATON (BLAMPIED (BARDIA)),-37.3387,143.9861,56.23
WERONA (FAIRVIEW),-37.2450,144.0250,55.32
TRENTHAM EAST,-37.4000,144.4000,84.42
SPRINGMOUNT (BRAESIDE),-37.4167,143.9667,77.34
BENLOCH,-37.2034,144.7143,68.36
HARCOURT,-36.9996,144.2616,56.29
ACHERON RIVER @ TAGGERTY,-37.3167,145.7167,66.32
KANUMBRA (BRILLIANT ESTATE),-37.0219,145.6547,58.75
HIGH CAMP (LANNERMOOR),-37.1425,144.9264,50.52
FLOWERDALE (KINLOCHIEL),-37.3333,145.2833,77.35
KYNETON,-37.2500,144.4378,63.09
TABILK (TAHBILK WINERY),-36.8253,145.0865,48.15
YEA RIVER AT DEVLINS BRIDGE,-37.3827,145.4731,50.9
GOULBURN RIVER @ SEYMOUR,-37.0213,145.1091,45.09
THORNTON,-37.2500,145.8000,70.58
COBAW (HAZEL FARM),-37.2667,144.6333,71.44
CATHKIN (MOUNT EDGAR),-37.1333,145.5833,61.34
BUXTON,-37.4178,145.7081,86.02
NARBETHONG,-37.4998,145.6793,97.53
BARINGHUP (BLUE HILLS),-36.9353,144.0115,43.16
NEWBURY,-37.4167,144.2833,107.88
TAGGERTY (THENDARA),-37.5833,145.7000,99.11
LERDERDERG (NEWBURY),-37.4266,144.2724,90.06
LERDERDERG (PROCTOR),-37.4333,144.5333,77.62
LILLICUR,-37.1644,143.5532,39.33
BROADFORD (KILMORE NORTH),-37.2348,144.9962,52.9
LERDERDERG (TURVEY),-37.4000,144.2167,113.93
HOMEWOOD,-37.2000,145.3333,65.99
GLENBURNIE,-37.2000,145.0833,57.46
TOOLANGI,-37.5333,145.4667,115.0
CLUNES (BECKWORTH COURT),-37.2833,143.6833,47.0
AMHERST,-37.1500,143.6833,51.95
BULLARTO SOUTH POST OFFICE,-37.4167,144.2167,109.22
SPRING CREEK BASIN ONE,-37.0667,145.7500,51.18
SPRING CREEK BASIN THREE,-37.1183,145.6967,60.05
SPRING CREEK BASIN FOUR,-37.1333,145.6833,52.24
MALDON (SPRING PARK),-37.0000,144.0000,38.66
SPRING CREEK BASIN TWO,-37.0748,145.7220,60.91
GLENBURN (HIGHWOOD TBRG),-37.3908,145.4768,57.27
ALEXANDRA (MAINTONGOON),-37.1167,145.8167,75.44
STRATH CREEK,-37.2714,145.2831,56.03
PUCKAPUNYAL RANGE CONTROL,-36.9861,145.0381,57.19
MAJORCA,-37.1251,143.7862,42.71
MALDON (STUMP ST),-36.9858,144.0757,50.33
WALLAN (KILMORE GAP),-37.3807,144.9654,56.8
ALEXANDRA (CRYSTAL CREEK),-37.2581,145.6201,76.19
EILDON FIRE TOWER,-37.2091,145.8423,56.08
GLENLUCE,-37.1793,144.2435,107.47
PUCKAPUNYAL WEST (DEFENCE),-37.0177,144.8546,49.54
PUCKAPUNYAL LYON HILL (DEFENCE),-36.9381,145.0539,49.53
BAYNTON (GREENS LANE),-37.1140,144.6642,69.03
ARARAT POST OFFICE,-37.2833,142.9500,51.28
BALLARAT BOTANICAL GARDENS,-37.5489,143.8192,62.46
BALLARAT AERODROME,-37.5127,143.7911,57.04
BALMORAL (POST OFFICE),-37.2472,141.8415,50.79
BARUNAH PLAINS,-38.0683,143.8667,44.52
BEAUFORT,-37.4483,143.3658,56.78
BERRYBANK,-37.9637,143.4673,44.88
BURRUMBEET,-37.4739,143.6558,52.58
CAPE CLEAR,-37.7833,143.6167,48.61
CAVENDISH (POST OFFICE),-37.5267,142.0414,52.39
CRESSY,-38.0296,143.6330,44.19
DUNKELD,-37.6550,142.3447,57.55
DUNKELD (COREA SOUTH),-37.7333,142.2000,59.16
GLENTHOMPSON (BRIE BRIE),-37.7000,142.5000,55.9
KANAWALLA,-37.6500,142.0000,57.4
NERRIN NERRIN,-37.7667,143.0167,44.77
LAKE BOLAC (POST OFFICE),-37.7110,142.8395,44.66
LINTON POST OFFICE,-37.6833,143.5667,60.98
LISMORE (POST OFFICE),-37.9543,143.3437,51.67
MIRRANATWA (BOWACKA),-37.4043,142.3843,55.57
MOORALLA (WOODLEIGH),-37.4000,142.1000,55.76
MOUNT MERCER (WOODBANK),-37.8333,143.8333,59.36
MOUTAJUP,-37.6472,142.2308,52.92
PURA PURA,-37.8333,143.0833,46.9
ROKEWOOD (KURUC A RUC),-37.9000,143.7000,47.01
SKIPTON (GOLF COURSE),-37.6901,143.3704,50.53
SKIPTON (BAANGAL),-37.7000,143.4000,52.49
SKIPTON (WAVERLEY),-37.6833,143.3833,62.53
SMYTHESDALE,-37.6500,143.6833,61.86
STREATHAM,-37.6833,143.0667,47.48
TRAWALLA,-37.4737,143.4684,55.56
VICTORIA VALLEY,-37.5000,142.3000,50.31
WESTMERE (MONTREUX),-37.6579,142.9977,44.54
WICKLIFFE,-37.6901,142.7253,46.18
WILLAURA (MAIN STREET),-37.5483,142.7393,44.49
BEAUFORT (WONGAN),-37.6164,143.1633,45.29
WOOHLPOOER,-37.3333,142.1500,59.31
WILLAURA (YARRAM PARK),-37.4769,142.5345,50.96
BUANGOR 1,-37.3667,143.1833,48.22
BUANGOR,-37.3667,143.1667,51.14
MOUNT MOORNAHBOOL,-37.3833,142.7833,48.52
INVERLEIGH,-38.1167,144.0500,43.71
GRINGEGALGONA,-37.4167,141.8167,60.9
GATUM,-37.3909,141.9194,51.3
HARROW (SPRING VALLEY),-37.2500,141.6500,52.86
BUANGOR (BIRANGA),-37.4055,143.0561,51.63
CHEPSTOWE,-37.6000,143.5000,48.88
ENFIELD,-37.8000,143.8000,57.38
GLEN PARK (WHITE SWAN RESERVOIR),-37.5170,143.9275,72.26
BALLARAT SURVEY OFFICE,-37.5500,143.8833,56.94
BALLARAT MOUNT PLEASANT OBS.,-37.5500,143.8833,58.95
BEAUFORT (WARRAPINGO),-37.6000,143.2000,47.99
BEAUFORT (STONELEIGH),-37.6000,143.2000,44.79
MAROONA,-37.4491,142.9549,42.92
BERRINGA,-37.8000,143.6000,49.92
LISMORE (THE MANSE),-38.0000,143.0000,47.49
DUNKELD,-37.7000,142.3000,55.41
GLENISLA,-37.2000,142.2000,56.27
GLENTHOMPSON (WINTOC),-37.6500,142.5500,47.22
LISMORE (HAZELWOOD),-37.9500,143.3000,50.53
LANGI CHIRAM,-37.3000,143.0000,59.61
LEARMONTH,-37.4000,143.7000,57.24
MININERA,-37.6000,143.0000,49.71
MIRRANATWA (BULLAWIN PARK),-37.4000,142.3833,56.91
MOUNT BUTE,-37.7333,143.4833,52.1
MOUNT WILLIAM,-37.4000,142.6000,48.41
NEWTOWN RAILWAY STATION,-37.7000,143.6000,55.25
ROKEWOOD (THE MEADOWS),-38.0000,143.7167,44.83
ROKEWOOD,-37.9022,143.7225,45.87
ROKEWOOD (WURROCK),-37.8833,143.7000,44.02
SCARSDALE,-37.7000,143.6500,56.68
STREATHAM (PRETTY TOWER),-37.6667,143.0667,40.94
WINCHELSEA (MURDEDUKE),-38.2000,144.0000,41.96
WINDERMERE,-37.5000,143.7000,50.92
DERRINALLUM (POST OFFICE),-37.9477,143.2222,54.1
GLENTHOMPSON,-37.6361,142.5474,48.4
LISMORE (WILLOCHRA),-38.0500,143.3333,49.08
DEREEL (METCALFE),-37.8167,143.7500,59.76
WILLAURA (LEARMONTH),-37.5933,142.7992,48.38
CAPE CLEAR (NARINGAL),-37.8442,143.5072,52.45
MAROONA (HILLENVALE),-37.3770,142.8110,45.2
MAROONA (DEIGHTON),-37.4500,142.9833,48.94
BEAUFORT (SHEEPWASH),-37.5042,143.2792,49.2
TATYOON,-37.5667,143.0000,46.79
WARRAMBINE CK AT WARRAMBINE,-37.9333,143.8667,35.69
ARARAT PRISON,-37.2769,142.9786,48.6
EURACK,-38.1784,143.7173,46.88
SHELFORD WEST,-37.9828,143.8542,47.39
VITE VITE,-37.8833,143.1667,44.4
DEREEL,-37.8167,143.7500,48.38
WAUBRA,-37.4203,143.5239,52.45
TRAWALLA STATE SCHOOL,-37.4333,143.4667,44.73
WARRAMBINE NO 2,-37.8783,143.9023,48.6
WARRAMBINE BASIN FOUR,-37.8833,143.8667,50.96
WARRAMBINE BASIN NO 3,-37.8333,143.8833,60.16
GLENTHOMPSON STATE SCHOOL,-37.6333,142.5500,42.38
BALLARAT SCHOOL OF MINES,-37.5667,143.8500,53.45
SKIPTON (MOORAMONG STATION),-37.6333,143.2333,42.73
MAFEKING,-37.3833,142.5667,89.96
WEERING ESTATE,-38.0833,143.7167,42.56
PITFIELD PLAINS,-37.8500,143.6000,43.21
CARRANBALLAC (STREATHAM),-37.7000,143.1833,49.51
DERRINALLUM (CRAIGMORE),-37.9708,143.2189,47.77
LEIGH RIVER @ MOUNT MERCER,-37.8128,143.9178,45.9
LOOKOUT HILL,-37.2822,143.2469,63.44
ADDINGTON,-37.4152,143.6718,58.81
RAGLAN,-37.3493,143.2952,64.68
WARRAK (BUANGOR),-37.3358,143.1642,63.68
BUANGOR (CRAIGIE),-37.3598,143.1961,48.51
LINTON,-37.6694,143.5159,54.17
BALLARAT HOPETOUN RD,-37.5174,143.7791,53.0
WESTMERE,-37.7067,142.9378,42.6
ROKEWOOD (WURROOK SOUTH),-37.9324,143.7864,36.77
ALLANSFORD,-38.3833,142.5833,62.61
APOLLO BAY,-38.7592,143.6740,88.12
YAMBUK (AVALON),-38.2500,142.0000,62.34
BARRAMUNGA,-38.6000,143.7000,107.0
BARWON DOWNS,-38.4669,143.7482,65.97
BEEAC (POST OFFICE),-38.1954,143.6399,50.18
BEECH FOREST,-38.6219,143.5622,145.36
BEECH FOREST STATE FOREST,-38.7000,143.5833,142.45
BIRREGURRA (POST OFFICE),-38.3372,143.7844,55.1
BRANXHOLME,-37.8611,141.8011,55.2
BRANXHOLME (BASSETT),-37.8595,141.7708,54.06
CAMPERDOWN (POST OFFICE),-38.2331,143.1450,64.41
CAMPERDOWN (ETTRICK),-37.9969,143.2532,49.74
CAPE BRIDGEWATER,-38.3215,141.4060,67.88
CAPE NELSON LIGHTHOUSE COMPARISON,-38.4319,141.5419,65.24
CAPE OTWAY LIGHTHOUSE,-38.8557,143.5130,74.72
CARAMUT (BARWIDGEE),-38.0000,142.5167,54.25
CARLISLE RIVER,-38.6000,143.4000,81.8
CASTERTON POST OFFICE,-37.2667,141.4000,56.93
CASTERTON (ROSENEATH),-37.4301,141.2688,53.96
CASTERTON (WARROCK),-37.4350,141.3428,52.72
COBDEN (POST OFFICE),-38.3291,143.0779,69.73
COLAC AIRPORT,-38.2798,143.6613,48.87
COLAC BOTANICAL GARDENS,-38.3000,143.6000,54.38
COLERAINE HOSPITAL,-37.6044,141.6853,50.45
COLERAINE (TULSE HILL),-37.5000,141.5500,58.82
COOJAR (KILLARA),-37.3443,141.6861,53.22
COLERAINE (WILLAROO),-37.4000,141.6000,65.53
CONDAH,-38.0000,141.7000,57.31
COORIEMUNGLE PRISON CAMP,-38.5500,143.1000,86.96
COROROOKE,-38.3000,143.5167,60.0
DARLINGTON (WARE STREET),-37.9966,143.0473,49.54
DARTMOOR,-37.9000,141.3000,65.2
DERGHOLM (HILLGROVE),-37.3563,141.2103,56.62
DERGHOLM (DORODONG),-37.3322,141.0809,55.43
COLAC (MOUNT GELLIBRAND),-38.2333,143.7924,44.08
DRIK DRIK,-37.9695,141.3077,68.68
EASTERN VIEW,-38.4500,144.1000,61.29
TYRENDARRA (ELLANGOWAN),-38.1614,141.7764,64.21
ELLERSLIE POST OFFICE,-38.1500,142.6833,59.49
FORREST STATE FOREST,-38.5198,143.7150,85.9
GELLIBRAND RIVER EAST (LOVAT),-38.5000,143.5000,83.11
GELLIBRAND RIVER WEST,-38.6197,143.2764,88.94
PORT FAIRY (GRIFFITHS ISLAND),-38.4000,142.2000,60.55
HAMILTON,-37.7333,142.0167,56.62
HAWKESDALE (POST OFFICE),-38.1058,142.3216,58.03
HAWKESDALE SHIRE OFFICE,-38.1086,142.3217,62.03
HEYWOOD POST OFFICE,-38.1000,141.6333,69.34
HEYWOOD FORESTRY,-38.1355,141.6316,65.7
JOHANNA GLEN,-38.7667,143.3833,88.52
MOUNT RICHMOND,-38.1968,141.3577,77.93
KOROIT,-38.2928,142.3725,65.56
LAVERS HILL,-38.7000,143.4000,150.42
LESLIE MANOR (BOOLARRA),-38.1458,143.3061,51.07
LORNE POST OFFICE,-38.5500,143.9833,76.9
MACARTHUR (POST OFFICE),-38.0339,141.9998,61.31
MERINO (GLENORCHY ESTATE),-37.7000,141.5500,59.46
MERINO,-37.7171,141.5486,60.2
MORTLAKE,-38.0853,142.7900,56.81
NELSON,-38.0329,141.0183,63.06
NULLAWARRE,-38.4698,142.7504,73.02
PENNYROYAL CREEK,-38.4210,143.8348,65.07
PENSHURST (THE GUMS),-37.8824,142.4235,55.34
PENSHURST (POST OFFICE),-37.8750,142.2894,59.84
PETERBOROUGH,-38.6086,142.8756,68.81
POMBORNEIT,-38.3000,143.3000,58.58
POOLAIJELO,-37.2500,141.1000,59.23
PORT CAMPBELL POST OFFICE,-38.6197,142.9944,74.33
PORT CAMPBELL (WAARE),-38.6167,142.9833,72.8
PORT FAIRY POST OFFICE,-38.3792,142.2250,63.64
PORTLAND,-38.3453,141.5905,68.2
PRINCETOWN,-38.6940,143.1561,73.42
PURALKA,-37.8000,141.1000,59.94
PRINCETOWN (RIVERNOOK),-38.7500,143.2000,73.46
STRATHDOWNIE (MULGA),-37.7000,141.2000,56.94
TAHARA,-37.7158,141.6986,55.57
TANYBRYN,-38.6602,143.7033,134.04
TERANG,-38.2362,142.9166,64.45
TERANG (SUNNYSIDE),-38.2000,142.9000,60.58
TIMBOON,-38.4881,142.9791,77.76
WARRION,-38.2127,143.5531,47.7
WARRNAMBOOL SHIRE OFFICE,-38.3725,142.4694,58.35
WARRNAMBOOL (POST OFFICE),-38.3836,142.4814,61.36
WEEAPROINAH,-38.6357,143.5127,160.49
WOOLSTHORPE,-38.1830,142.4677,59.59
KOLORA (WOORIWYRITE),-38.0831,142.9919,53.24
WYELANGTA,-38.6500,143.4500,150.57
WYELANGTA,-38.6636,143.4495,162.12
YATCHAW (AMAROO),-37.8096,142.1301,57.36
TIRRENGOWER,-38.4000,143.4000,63.39
TOMAHAWK CREEK NORTH STATION,-38.4000,143.4500,59.31
CHETWYND,-37.3000,141.4000,57.01
RENNICK,-37.8408,140.9717,66.52
HORDERN VALE,-38.7553,143.5103,90.85
CARAPOOK (THE GUMS),-37.6000,141.5000,53.38
COLERAINE (MELVILLE FOREST),-37.5261,141.8172,49.54
SKENES CREEK,-38.7000,143.7500,105.6
GRASSDALE,-37.8031,141.6775,60.24
MOUNT SABINE 2,-38.6333,143.7333,134.72
BENWERRIN,-38.4500,143.9000,92.62
CAMPERDOWN (EDDINGTON),-38.1500,143.0167,54.33
BIRREGURRA (RIPPLE VALE),-38.3167,143.7833,59.23
BRUCKNELL SOUTH,-38.4500,142.9500,80.33
HAMILTON RESEARCH STATION,-37.8250,142.0644,56.81
CARAMUT,-37.9500,142.5167,49.88
STRATHDOWNIE,-37.7417,141.0657,56.39
CASTERTON (CARRINYA),-37.5500,141.5000,54.26
CASTERTON (NANGEELA),-37.4000,141.2500,57.24
CASTERTON VICARAGE,-37.5833,141.4000,54.97
CHETWYND (WOODACRES),-37.3000,141.4000,53.68
COLAC (BADLINGHAM),-37.3167,143.5833,61.59
COLAC WEST,-37.3167,143.5833,55.56
COLERAINE (KONONG WOOTONG),-37.5500,141.7167,49.48
COLERAINE (WONDO DALE),-37.6000,141.7000,62.58
COLERAINE (MONA VALE),-37.6000,141.7000,54.88
CUNDARE SOUTH,-38.1000,143.6000,40.74
POLIGOLET,-37.9833,143.1333,49.51
HEXHAM PARK,-38.0000,142.7000,53.23
HEXHAM STATE SCHOOL,-38.0000,142.7000,50.35
LARALEA,-38.3000,143.6500,49.88
LARPENT,-38.3500,143.5000,64.46
CRAWFORD LOWER,-38.0000,141.4500,75.69
MACARTHUR (GLENHUNTLY),-38.1000,142.0000,62.28
MOUNT SABINE 1,-38.6333,143.7333,129.09
NARRAWONG,-38.2000,141.7000,62.66
PANMURE,-38.3000,142.7000,69.28
SCOTTS CREEK,-38.4000,143.1000,75.23
STRATHDOWNIE POST OFFICE,-37.7000,141.2000,55.71
TOMAHAWK CREEK (IRREWILLIPE EAST),-38.4000,143.5000,65.01
WARRNAMBOOL (FAWSYDE),-38.3833,142.4833,56.87
WATTLE HILL,-38.7500,143.2500,84.09
WENSLEY DALE STATE SCHOOL,-38.3500,144.0000,49.01
APOLLO BAY NORTH,-38.7500,143.6667,118.12
GELLIBRAND RIVER FORESTRY,-38.5304,143.5390,83.47
CASTERTON SHOWGROUNDS,-37.5909,141.4124,53.76
CARAMUT,-37.9568,142.5187,51.93
IRREWILLIPE (TOMAHAWK CREEK),-38.4459,143.6620,71.2
CHAPPLE VALE,-38.6500,143.3000,89.41
NAREEN,-37.3644,141.5842,57.8
WANGOOM POST OFFICE,-38.3333,142.5833,60.44
BEEAC (EURACK),-38.2000,143.6167,45.24
JOHANNA,-38.7667,143.3833,117.17
ALVIE,-38.2333,143.5167,48.49
COLAC (SHIRE OFFICE),-38.3427,143.5848,59.28
LORNE PIER HEAD,-38.5333,143.9833,65.95
YAMBUK,-38.3167,142.0667,62.25
GORAE,-38.3000,141.6000,81.52
EDENHOPE (DORODONG),-37.3000,141.0500,47.41
CAMPERDOWN DONALDS HILL,-38.2550,143.1256,60.35
APOLLO BAY (TANYBRYN FARM),-38.6833,143.7167,110.61
COBRICO (SUNNYSIDE),-38.3500,142.9667,71.24
MOUNY VANDYKE (LYONS),-38.0833,141.4667,79.65
PORTLAND AERO,-38.3833,141.6333,68.21
POOLAIJELO (KARINYA),-37.1824,141.0721,51.85
SIMPSON SOUTH,-38.5648,143.1822,82.13
WINCHELSEA SHIRE DEPOT,-38.2453,143.9764,48.87
WINCHELSEA (POST OFFICE),-38.2430,143.9887,45.07
LORNE COUNTRY CLUB,-38.5256,143.9722,70.64
HAMILTON GODFREY,-37.7167,141.9667,57.01
KOLORA (WIRWIN),-38.0926,142.9597,52.85
PORTLAND AIRPORT,-38.3148,141.4705,69.48
WARRNAMBOOL AIRPORT,-38.2919,142.4353,76.0
HAMILTON AIRPORT,-37.6486,142.0636,51.4
COLAC (ELLIMINYT),-38.3933,143.5961,85.71
PORT FAIRY AWS,-38.3906,142.2348,56.24
MORTLAKE RACECOURSE,-38.0737,142.7744,48.65
POOLAIJELO (DOROTHY DOWNS),-37.2561,141.0944,53.78
LANGKOOP (SPRINGDALE),-37.1091,141.0029,49.12
BURTONS LOOKOUT,-38.4478,143.5689,66.44
AIREYS INLET,-38.4583,144.0883,51.31
CAMPERDOWN,-38.2410,143.1393,62.83
CASTERTON,-37.5830,141.3339,52.71
HAINES JUNCTION (MOUNT SABINE),-38.6286,143.7306,115.75
CAPE NELSON LIGHTHOUSE,-38.4306,141.5437,57.82
LORNE (MOUNT COWLEY),-38.5497,143.8594,101.46
WARRNAMBOOL AIRPORT NDB,-38.2869,142.4524,60.82
BOONAH,-38.4115,143.9771,67.35
BENWERRIN,-38.4831,143.9142,81.02
BARWON DOWNS (GERANGAMETE),-38.4467,143.7283,49.08
BRANXHOLME INVERARY RD,-37.8994,141.8542,55.08
PETERBOROUGH (THE LODGE),-38.5834,142.8666,70.79
WARRNAMBOOL GOLF CLUB,-38.3876,142.4592,46.16
DARTMOOR,-37.9222,141.2614,62.4
WARRNAMBOOL RACECOURSE,-38.3821,142.5084,68.02
MOUNT RICHMOND (BLACKS ROAD),-38.1504,141.3824,76.72
